ksh_settlement_code,settlement_name,operator_id,network_operator,service_area_id,coverage_scope,usage_location_requirement,source_ids,evidence_status,status,notes
26091,Lónya,OPUS_TITASZ,OPUS TITÁSZ Áramhálózati Zrt.,OPUS_TITASZ:SERVICE_AREA,WHOLE_SETTLEMENT,NONE,SRC-B10-OPUS-TITASZ-M1-2026;SRC-B10-KSH-HNK-2019-SETTLEMENT-IDS,OBS,WHOLE_SETTLEMENT_MEMBERSHIP_PROVEN,Current 2026 M1 whole-settlement fact joined to immutable official KSH five-digit settlement identifier.
07995,Lövőpetri,OPUS_TITASZ,OPUS TITÁSZ Áramhálózati Zrt.,OPUS_TITASZ:SERVICE_AREA,WHOLE_SETTLEMENT,NONE,SRC-B10-OPUS-TITASZ-M1-2026;SRC-B10-KSH-HNK-2019-SETTLEMENT-IDS,OBS,WHOLE_SETTLEMENT_MEMBERSHIP_PROVEN,Current 2026 M1 whole-settlement fact joined to immutable official KSH five-digit settlement identifier.
29984,Magosliget,OPUS_TITASZ,OPUS TITÁSZ Áramhálózati Zrt.,OPUS_TITASZ:SERVICE_AREA,WHOLE_SETTLEMENT,NONE,SRC-B10-OPUS-TITASZ-M1-2026;SRC-B10-KSH-HNK-2019-SETTLEMENT-IDS,OBS,WHOLE_SETTLEMENT_MEMBERSHIP_PROVEN,Current 2026 M1 whole-settlement fact joined to immutable official KSH five-digit settlement identifier.
16629,Magy,OPUS_TITASZ,OPUS TITÁSZ Áramhálózati Zrt.,OPUS_TITASZ:SERVICE_AREA,WHOLE_SETTLEMENT,NONE,SRC-B10-OPUS-TITASZ-M1-2026;SRC-B10-KSH-HNK-2019-SETTLEMENT-IDS,OBS,WHOLE_SETTLEMENT_MEMBERSHIP_PROVEN,Current 2026 M1 whole-settlement fact joined to immutable official KSH five-digit settlement identifier.
03683,Magyarhomorog,OPUS_TITASZ,OPUS TITÁSZ Áramhálózati Zrt.,OPUS_TITASZ:SERVICE_AREA,WHOLE_SETTLEMENT,NONE,SRC-B10-OPUS-TITASZ-M1-2026;SRC-B10-KSH-HNK-2019-SETTLEMENT-IDS,OBS,WHOLE_SETTLEMENT_MEMBERSHIP_PROVEN,Current 2026 M1 whole-settlement fact joined to immutable official KSH five-digit settlement identifier.
02626,Martfű,OPUS_TITASZ,OPUS TITÁSZ Áramhálózati Zrt.,OPUS_TITASZ:SERVICE_AREA,WHOLE_SETTLEMENT,NONE,SRC-B10-OPUS-TITASZ-M1-2026;SRC-B10-KSH-HNK-2019-SETTLEMENT-IDS,OBS,WHOLE_SETTLEMENT_MEMBERSHIP_PROVEN,Current 2026 M1 whole-settlement fact joined to immutable official KSH five-digit settlement identifier.
02088,Mánd,OPUS_TITASZ,OPUS TITÁSZ Áramhálózati Zrt.,OPUS_TITASZ:SERVICE_AREA,WHOLE_SETTLEMENT,NONE,SRC-B10-OPUS-TITASZ-M1-2026;SRC-B10-KSH-HNK-2019-SETTLEMENT-IDS,OBS,WHOLE_SETTLEMENT_MEMBERSHIP_PROVEN,Current 2026 M1 whole-settlement fact joined to immutable official KSH five-digit settlement identifier.
17826,Mándok,OPUS_TITASZ,OPUS TITÁSZ Áramhálózati Zrt.,OPUS_TITASZ:SERVICE_AREA,WHOLE_SETTLEMENT,NONE,SRC-B10-OPUS-TITASZ-M1-2026;SRC-B10-KSH-HNK-2019-SETTLEMENT-IDS,OBS,WHOLE_SETTLEMENT_MEMBERSHIP_PROVEN,Current 2026 M1 whole-settlement fact joined to immutable official KSH five-digit settlement identifier.
19655,Máriapócs,OPUS_TITASZ,OPUS TITÁSZ Áramhálózati Zrt.,OPUS_TITASZ:SERVICE_AREA,WHOLE_SETTLEMENT,NONE,SRC-B10-OPUS-TITASZ-M1-2026;SRC-B10-KSH-HNK-2019-SETTLEMENT-IDS,OBS,WHOLE_SETTLEMENT_MEMBERSHIP_PROVEN,Current 2026 M1 whole-settlement fact joined to immutable official KSH five-digit settlement identifier.
33224,Márokpapi,OPUS_TITASZ,OPUS TITÁSZ Áramhálózati Zrt.,OPUS_TITASZ:SERVICE_AREA,WHOLE_SETTLEMENT,NONE,SRC-B10-OPUS-TITASZ-M1-2026;SRC-B10-KSH-HNK-2019-SETTLEMENT-IDS,OBS,WHOLE_SETTLEMENT_MEMBERSHIP_PROVEN,Current 2026 M1 whole-settlement fact joined to immutable official KSH five-digit settlement identifier.
18874,Mátészalka,OPUS_TITASZ,OPUS TITÁSZ Áramhálózati Zrt.,OPUS_TITASZ:SERVICE_AREA,WHOLE_SETTLEMENT,NONE,SRC-B10-OPUS-TITASZ-M1-2026;SRC-B10-KSH-HNK-2019-SETTLEMENT-IDS,OBS,WHOLE_SETTLEMENT_MEMBERSHIP_PROVEN,Current 2026 M1 whole-settlement fact joined to immutable official KSH five-digit settlement identifier.
20668,Mátyus,OPUS_TITASZ,OPUS TITÁSZ Áramhálózati Zrt.,OPUS_TITASZ:SERVICE_AREA,WHOLE_SETTLEMENT,NONE,SRC-B10-OPUS-TITASZ-M1-2026;SRC-B10-KSH-HNK-2019-SETTLEMENT-IDS,OBS,WHOLE_SETTLEMENT_MEMBERSHIP_PROVEN,Current 2026 M1 whole-settlement fact joined to immutable official KSH five-digit settlement identifier.
30234,Mesterszállás,OPUS_TITASZ,OPUS TITÁSZ Áramhálózati Zrt.,OPUS_TITASZ:SERVICE_AREA,WHOLE_SETTLEMENT,NONE,SRC-B10-OPUS-TITASZ-M1-2026;SRC-B10-KSH-HNK-2019-SETTLEMENT-IDS,OBS,WHOLE_SETTLEMENT_MEMBERSHIP_PROVEN,Current 2026 M1 whole-settlement fact joined to immutable official KSH five-digit settlement identifier.
26286,Mezőhék,OPUS_TITASZ,OPUS TITÁSZ Áramhálózati Zrt.,OPUS_TITASZ:SERVICE_AREA,WHOLE_SETTLEMENT,NONE,SRC-B10-OPUS-TITASZ-M1-2026;SRC-B10-KSH-HNK-2019-SETTLEMENT-IDS,OBS,WHOLE_SETTLEMENT_MEMBERSHIP_PROVEN,Current 2026 M1 whole-settlement fact joined to immutable official KSH five-digit settlement identifier.
32656,Mezőladány,OPUS_TITASZ,OPUS TITÁSZ Áramhálózati Zrt.,OPUS_TITASZ:SERVICE_AREA,WHOLE_SETTLEMENT,NONE,SRC-B10-OPUS-TITASZ-M1-2026;SRC-B10-KSH-HNK-2019-SETTLEMENT-IDS,OBS,WHOLE_SETTLEMENT_MEMBERSHIP_PROVEN,Current 2026 M1 whole-settlement fact joined to immutable official KSH five-digit settlement identifier.
31033,Mezőpeterd,OPUS_TITASZ,OPUS TITÁSZ Áramhálózati Zrt.,OPUS_TITASZ:SERVICE_AREA,WHOLE_SETTLEMENT,NONE,SRC-B10-OPUS-TITASZ-M1-2026;SRC-B10-KSH-HNK-2019-SETTLEMENT-IDS,OBS,WHOLE_SETTLEMENT_MEMBERSHIP_PROVEN,Current 2026 M1 whole-settlement fact joined to immutable official KSH five-digit settlement identifier.
18847,Mezősas,OPUS_TITASZ,OPUS TITÁSZ Áramhálózati Zrt.,OPUS_TITASZ:SERVICE_AREA,WHOLE_SETTLEMENT,NONE,SRC-B10-OPUS-TITASZ-M1-2026;SRC-B10-KSH-HNK-2019-SETTLEMENT-IDS,OBS,WHOLE_SETTLEMENT_MEMBERSHIP_PROVEN,Current 2026 M1 whole-settlement fact joined to immutable official KSH five-digit settlement identifier.
04260,Mezőtúr,OPUS_TITASZ,OPUS TITÁSZ Áramhálózati Zrt.,OPUS_TITASZ:SERVICE_AREA,WHOLE_SETTLEMENT,NONE,SRC-B10-OPUS-TITASZ-M1-2026;SRC-B10-KSH-HNK-2019-SETTLEMENT-IDS,OBS,WHOLE_SETTLEMENT_MEMBERSHIP_PROVEN,Current 2026 M1 whole-settlement fact joined to immutable official KSH five-digit settlement identifier.
29799,Méhtelek,OPUS_TITASZ,OPUS TITÁSZ Áramhálózati Zrt.,OPUS_TITASZ:SERVICE_AREA,WHOLE_SETTLEMENT,NONE,SRC-B10-OPUS-TITASZ-M1-2026;SRC-B10-KSH-HNK-2019-SETTLEMENT-IDS,OBS,WHOLE_SETTLEMENT_MEMBERSHIP_PROVEN,Current 2026 M1 whole-settlement fact joined to immutable official KSH five-digit settlement identifier.
07463,Mérk,OPUS_TITASZ,OPUS TITÁSZ Áramhálózati Zrt.,OPUS_TITASZ:SERVICE_AREA,WHOLE_SETTLEMENT,NONE,SRC-B10-OPUS-TITASZ-M1-2026;SRC-B10-KSH-HNK-2019-SETTLEMENT-IDS,OBS,WHOLE_SETTLEMENT_MEMBERSHIP_PROVEN,Current 2026 M1 whole-settlement fact joined to immutable official KSH five-digit settlement identifier.
24217,Mikepércs,OPUS_TITASZ,OPUS TITÁSZ Áramhálózati Zrt.,OPUS_TITASZ:SERVICE_AREA,WHOLE_SETTLEMENT,NONE,SRC-B10-OPUS-TITASZ-M1-2026;SRC-B10-KSH-HNK-2019-SETTLEMENT-IDS,OBS,WHOLE_SETTLEMENT_MEMBERSHIP_PROVEN,Current 2026 M1 whole-settlement fact joined to immutable official KSH five-digit settlement identifier.
31750,Milota,OPUS_TITASZ,OPUS TITÁSZ Áramhálózati Zrt.,OPUS_TITASZ:SERVICE_AREA,WHOLE_SETTLEMENT,NONE,SRC-B10-OPUS-TITASZ-M1-2026;SRC-B10-KSH-HNK-2019-SETTLEMENT-IDS,OBS,WHOLE_SETTLEMENT_MEMBERSHIP_PROVEN,Current 2026 M1 whole-settlement fact joined to immutable official KSH five-digit settlement identifier.
25894,Monostorpályi,OPUS_TITASZ,OPUS TITÁSZ Áramhálózati Zrt.,OPUS_TITASZ:SERVICE_AREA,WHOLE_SETTLEMENT,NONE,SRC-B10-OPUS-TITASZ-M1-2026;SRC-B10-KSH-HNK-2019-SETTLEMENT-IDS,OBS,WHOLE_SETTLEMENT_MEMBERSHIP_PROVEN,Current 2026 M1 whole-settlement fact joined to immutable official KSH five-digit settlement identifier.
04710,Nagyar,OPUS_TITASZ,OPUS TITÁSZ Áramhálózati Zrt.,OPUS_TITASZ:SERVICE_AREA,WHOLE_SETTLEMENT,NONE,SRC-B10-OPUS-TITASZ-M1-2026;SRC-B10-KSH-HNK-2019-SETTLEMENT-IDS,OBS,WHOLE_SETTLEMENT_MEMBERSHIP_PROVEN,Current 2026 M1 whole-settlement fact joined to immutable official KSH five-digit settlement identifier.
22743,Nagycserkesz,OPUS_TITASZ,OPUS TITÁSZ Áramhálózati Zrt.,OPUS_TITASZ:SERVICE_AREA,WHOLE_SETTLEMENT,NONE,SRC-B10-OPUS-TITASZ-M1-2026;SRC-B10-KSH-HNK-2019-SETTLEMENT-IDS,OBS,WHOLE_SETTLEMENT_MEMBERSHIP_PROVEN,Current 2026 M1 whole-settlement fact joined to immutable official KSH five-digit settlement identifier.
21485,Nagydobos,OPUS_TITASZ,OPUS TITÁSZ Áramhálózati Zrt.,OPUS_TITASZ:SERVICE_AREA,WHOLE_SETTLEMENT,NONE,SRC-B10-OPUS-TITASZ-M1-2026;SRC-B10-KSH-HNK-2019-SETTLEMENT-IDS,OBS,WHOLE_SETTLEMENT_MEMBERSHIP_PROVEN,Current 2026 M1 whole-settlement fact joined to immutable official KSH five-digit settlement identifier.
06488,Nagyecsed,OPUS_TITASZ,OPUS TITÁSZ Áramhálózati Zrt.,OPUS_TITASZ:SERVICE_AREA,WHOLE_SETTLEMENT,NONE,SRC-B10-OPUS-TITASZ-M1-2026;SRC-B10-KSH-HNK-2019-SETTLEMENT-IDS,OBS,WHOLE_SETTLEMENT_MEMBERSHIP_PROVEN,Current 2026 M1 whole-settlement fact joined to immutable official KSH five-digit settlement identifier.
27155,Nagyhalász,OPUS_TITASZ,OPUS TITÁSZ Áramhálózati Zrt.,OPUS_TITASZ:SERVICE_AREA,WHOLE_SETTLEMENT,NONE,SRC-B10-OPUS-TITASZ-M1-2026;SRC-B10-KSH-HNK-2019-SETTLEMENT-IDS,OBS,WHOLE_SETTLEMENT_MEMBERSHIP_PROVEN,Current 2026 M1 whole-settlement fact joined to immutable official KSH five-digit settlement identifier.
09478,Nagyhegyes,OPUS_TITASZ,OPUS TITÁSZ Áramhálózati Zrt.,OPUS_TITASZ:SERVICE_AREA,WHOLE_SETTLEMENT,NONE,SRC-B10-OPUS-TITASZ-M1-2026;SRC-B10-KSH-HNK-2019-SETTLEMENT-IDS,OBS,WHOLE_SETTLEMENT_MEMBERSHIP_PROVEN,Current 2026 M1 whole-settlement fact joined to immutable official KSH five-digit settlement identifier.
26976,Nagyhódos,OPUS_TITASZ,OPUS TITÁSZ Áramhálózati Zrt.,OPUS_TITASZ:SERVICE_AREA,WHOLE_SETTLEMENT,NONE,SRC-B10-OPUS-TITASZ-M1-2026;SRC-B10-KSH-HNK-2019-SETTLEMENT-IDS,OBS,WHOLE_SETTLEMENT_MEMBERSHIP_PROVEN,Current 2026 M1 whole-settlement fact joined to immutable official KSH five-digit settlement identifier.
21689,Nagyiván,OPUS_TITASZ,OPUS TITÁSZ Áramhálózati Zrt.,OPUS_TITASZ:SERVICE_AREA,WHOLE_SETTLEMENT,NONE,SRC-B10-OPUS-TITASZ-M1-2026;SRC-B10-KSH-HNK-2019-SETTLEMENT-IDS,OBS,WHOLE_SETTLEMENT_MEMBERSHIP_PROVEN,Current 2026 M1 whole-settlement fact joined to immutable official KSH five-digit settlement identifier.
24785,Nagykálló,OPUS_TITASZ,OPUS TITÁSZ Áramhálózati Zrt.,OPUS_TITASZ:SERVICE_AREA,WHOLE_SETTLEMENT,NONE,SRC-B10-OPUS-TITASZ-M1-2026;SRC-B10-KSH-HNK-2019-SETTLEMENT-IDS,OBS,WHOLE_SETTLEMENT_MEMBERSHIP_PROVEN,Current 2026 M1 whole-settlement fact joined to immutable official KSH five-digit settlement identifier.
08907,Nagykereki,OPUS_TITASZ,OPUS TITÁSZ Áramhálózati Zrt.,OPUS_TITASZ:SERVICE_AREA,WHOLE_SETTLEMENT,NONE,SRC-B10-OPUS-TITASZ-M1-2026;SRC-B10-KSH-HNK-2019-SETTLEMENT-IDS,OBS,WHOLE_SETTLEMENT_MEMBERSHIP_PROVEN,Current 2026 M1 whole-settlement fact joined to immutable official KSH five-digit settlement identifier.
15574,Nagykörű,OPUS_TITASZ,OPUS TITÁSZ Áramhálózati Zrt.,OPUS_TITASZ:SERVICE_AREA,WHOLE_SETTLEMENT,NONE,SRC-B10-OPUS-TITASZ-M1-2026;SRC-B10-KSH-HNK-2019-SETTLEMENT-IDS,OBS,WHOLE_SETTLEMENT_MEMBERSHIP_PROVEN,Current 2026 M1 whole-settlement fact joined to immutable official KSH five-digit settlement identifier.
06309,Nagyrábé,OPUS_TITASZ,OPUS TITÁSZ Áramhálózati Zrt.,OPUS_TITASZ:SERVICE_AREA,WHOLE_SETTLEMENT,NONE,SRC-B10-OPUS-TITASZ-M1-2026;SRC-B10-KSH-HNK-2019-SETTLEMENT-IDS,OBS,WHOLE_SETTLEMENT_MEMBERSHIP_PROVEN,Current 2026 M1 whole-settlement fact joined to immutable official KSH five-digit settlement identifier.
06318,Nagyrév,OPUS_TITASZ,OPUS TITÁSZ Áramhálózati Zrt.,OPUS_TITASZ:SERVICE_AREA,WHOLE_SETTLEMENT,NONE,SRC-B10-OPUS-TITASZ-M1-2026;SRC-B10-KSH-HNK-2019-SETTLEMENT-IDS,OBS,WHOLE_SETTLEMENT_MEMBERSHIP_PROVEN,Current 2026 M1 whole-settlement fact joined to immutable official KSH five-digit settlement identifier.
27988,Nagyszekeres,OPUS_TITASZ,OPUS TITÁSZ Áramhálózati Zrt.,OPUS_TITASZ:SERVICE_AREA,WHOLE_SETTLEMENT,NONE,SRC-B10-OPUS-TITASZ-M1-2026;SRC-B10-KSH-HNK-2019-SETTLEMENT-IDS,OBS,WHOLE_SETTLEMENT_MEMBERSHIP_PROVEN,Current 2026 M1 whole-settlement fact joined to immutable official KSH five-digit settlement identifier.
33783,Nagyvarsány,OPUS_TITASZ,OPUS TITÁSZ Áramhálózati Zrt.,OPUS_TITASZ:SERVICE_AREA,WHOLE_SETTLEMENT,NONE,SRC-B10-OPUS-TITASZ-M1-2026;SRC-B10-KSH-HNK-2019-SETTLEMENT-IDS,OBS,WHOLE_SETTLEMENT_MEMBERSHIP_PROVEN,Current 2026 M1 whole-settlement fact joined to immutable official KSH five-digit settlement identifier.
08420,Napkor,OPUS_TITASZ,OPUS TITÁSZ Áramhálózati Zrt.,OPUS_TITASZ:SERVICE_AREA,WHOLE_SETTLEMENT,NONE,SRC-B10-OPUS-TITASZ-M1-2026;SRC-B10-KSH-HNK-2019-SETTLEMENT-IDS,OBS,WHOLE_SETTLEMENT_MEMBERSHIP_PROVEN,Current 2026 M1 whole-settlement fact joined to immutable official KSH five-digit settlement identifier.
19211,Nábrád,OPUS_TITASZ,OPUS TITÁSZ Áramhálózati Zrt.,OPUS_TITASZ:SERVICE_AREA,WHOLE_SETTLEMENT,NONE,SRC-B10-OPUS-TITASZ-M1-2026;SRC-B10-KSH-HNK-2019-SETTLEMENT-IDS,OBS,WHOLE_SETTLEMENT_MEMBERSHIP_PROVEN,Current 2026 M1 whole-settlement fact joined to immutable official KSH five-digit settlement identifier.
28103,Nádudvar,OPUS_TITASZ,OPUS TITÁSZ Áramhálózati Zrt.,OPUS_TITASZ:SERVICE_AREA,WHOLE_SETTLEMENT,NONE,SRC-B10-OPUS-TITASZ-M1-2026;SRC-B10-KSH-HNK-2019-SETTLEMENT-IDS,OBS,WHOLE_SETTLEMENT_MEMBERSHIP_PROVEN,Current 2026 M1 whole-settlement fact joined to immutable official KSH five-digit settlement identifier.
27119,Nemesborzova,OPUS_TITASZ,OPUS TITÁSZ Áramhálózati Zrt.,OPUS_TITASZ:SERVICE_AREA,WHOLE_SETTLEMENT,NONE,SRC-B10-OPUS-TITASZ-M1-2026;SRC-B10-KSH-HNK-2019-SETTLEMENT-IDS,OBS,WHOLE_SETTLEMENT_MEMBERSHIP_PROVEN,Current 2026 M1 whole-settlement fact joined to immutable official KSH five-digit settlement identifier.
14003,Nyíracsád,OPUS_TITASZ,OPUS TITÁSZ Áramhálózati Zrt.,OPUS_TITASZ:SERVICE_AREA,WHOLE_SETTLEMENT,NONE,SRC-B10-OPUS-TITASZ-M1-2026;SRC-B10-KSH-HNK-2019-SETTLEMENT-IDS,OBS,WHOLE_SETTLEMENT_MEMBERSHIP_PROVEN,Current 2026 M1 whole-settlement fact joined to immutable official KSH five-digit settlement identifier.
06187,Nyíradony,OPUS_TITASZ,OPUS TITÁSZ Áramhálózati Zrt.,OPUS_TITASZ:SERVICE_AREA,WHOLE_SETTLEMENT,NONE,SRC-B10-OPUS-TITASZ-M1-2026;SRC-B10-KSH-HNK-2019-SETTLEMENT-IDS,OBS,WHOLE_SETTLEMENT_MEMBERSHIP_PROVEN,Current 2026 M1 whole-settlement fact joined to immutable official KSH five-digit settlement identifier.
32294,Nyírábrány,OPUS_TITASZ,OPUS TITÁSZ Áramhálózati Zrt.,OPUS_TITASZ:SERVICE_AREA,WHOLE_SETTLEMENT,NONE,SRC-B10-OPUS-TITASZ-M1-2026;SRC-B10-KSH-HNK-2019-SETTLEMENT-IDS,OBS,WHOLE_SETTLEMENT_MEMBERSHIP_PROVEN,Current 2026 M1 whole-settlement fact joined to immutable official KSH five-digit settlement identifier.
14845,Nyírbátor,OPUS_TITASZ,OPUS TITÁSZ Áramhálózati Zrt.,OPUS_TITASZ:SERVICE_AREA,WHOLE_SETTLEMENT,NONE,SRC-B10-OPUS-TITASZ-M1-2026;SRC-B10-KSH-HNK-2019-SETTLEMENT-IDS,OBS,WHOLE_SETTLEMENT_MEMBERSHIP_PROVEN,Current 2026 M1 whole-settlement fact joined to immutable official KSH five-digit settlement identifier.
15802,Nyírbéltek,OPUS_TITASZ,OPUS TITÁSZ Áramhálózati Zrt.,OPUS_TITASZ:SERVICE_AREA,WHOLE_SETTLEMENT,NONE,SRC-B10-OPUS-TITASZ-M1-2026;SRC-B10-KSH-HNK-2019-SETTLEMENT-IDS,OBS,WHOLE_SETTLEMENT_MEMBERSHIP_PROVEN,Current 2026 M1 whole-settlement fact joined to immutable official KSH five-digit settlement identifier.
31158,Nyírbogát,OPUS_TITASZ,OPUS TITÁSZ Áramhálózati Zrt.,OPUS_TITASZ:SERVICE_AREA,WHOLE_SETTLEMENT,NONE,SRC-B10-OPUS-TITASZ-M1-2026;SRC-B10-KSH-HNK-2019-SETTLEMENT-IDS,OBS,WHOLE_SETTLEMENT_MEMBERSHIP_PROVEN,Current 2026 M1 whole-settlement fact joined to immutable official KSH five-digit settlement identifier.
28802,Nyírbogdány,OPUS_TITASZ,OPUS TITÁSZ Áramhálózati Zrt.,OPUS_TITASZ:SERVICE_AREA,WHOLE_SETTLEMENT,NONE,SRC-B10-OPUS-TITASZ-M1-2026;SRC-B10-KSH-HNK-2019-SETTLEMENT-IDS,OBS,WHOLE_SETTLEMENT_MEMBERSHIP_PROVEN,Current 2026 M1 whole-settlement fact joined to immutable official KSH five-digit settlement identifier.
07904,Nyírcsaholy,OPUS_TITASZ,OPUS TITÁSZ Áramhálózati Zrt.,OPUS_TITASZ:SERVICE_AREA,WHOLE_SETTLEMENT,NONE,SRC-B10-OPUS-TITASZ-M1-2026;SRC-B10-KSH-HNK-2019-SETTLEMENT-IDS,OBS,WHOLE_SETTLEMENT_MEMBERSHIP_PROVEN,Current 2026 M1 whole-settlement fact joined to immutable official KSH five-digit settlement identifier.
25973,Nyírcsászári,OPUS_TITASZ,OPUS TITÁSZ Áramhálózati Zrt.,OPUS_TITASZ:SERVICE_AREA,WHOLE_SETTLEMENT,NONE,SRC-B10-OPUS-TITASZ-M1-2026;SRC-B10-KSH-HNK-2019-SETTLEMENT-IDS,OBS,WHOLE_SETTLEMENT_MEMBERSHIP_PROVEN,Current 2026 M1 whole-settlement fact joined to immutable official KSH five-digit settlement identifier.
05041,Nyírderzs,OPUS_TITASZ,OPUS TITÁSZ Áramhálózati Zrt.,OPUS_TITASZ:SERVICE_AREA,WHOLE_SETTLEMENT,NONE,SRC-B10-OPUS-TITASZ-M1-2026;SRC-B10-KSH-HNK-2019-SETTLEMENT-IDS,OBS,WHOLE_SETTLEMENT_MEMBERSHIP_PROVEN,Current 2026 M1 whole-settlement fact joined to immutable official KSH five-digit settlement identifier.
17206,Nyíregyháza,OPUS_TITASZ,OPUS TITÁSZ Áramhálózati Zrt.,OPUS_TITASZ:SERVICE_AREA,WHOLE_SETTLEMENT,NONE,SRC-B10-OPUS-TITASZ-M1-2026;SRC-B10-KSH-HNK-2019-SETTLEMENT-IDS,OBS,WHOLE_SETTLEMENT_MEMBERSHIP_PROVEN,Current 2026 M1 whole-settlement fact joined to immutable official KSH five-digit settlement identifier.
28440,Nyírgelse,OPUS_TITASZ,OPUS TITÁSZ Áramhálózati Zrt.,OPUS_TITASZ:SERVICE_AREA,WHOLE_SETTLEMENT,NONE,SRC-B10-OPUS-TITASZ-M1-2026;SRC-B10-KSH-HNK-2019-SETTLEMENT-IDS,OBS,WHOLE_SETTLEMENT_MEMBERSHIP_PROVEN,Current 2026 M1 whole-settlement fact joined to immutable official KSH five-digit settlement identifier.
09238,Nyírgyulaj,OPUS_TITASZ,OPUS TITÁSZ Áramhálózati Zrt.,OPUS_TITASZ:SERVICE_AREA,WHOLE_SETTLEMENT,NONE,SRC-B10-OPUS-TITASZ-M1-2026;SRC-B10-KSH-HNK-2019-SETTLEMENT-IDS,OBS,WHOLE_SETTLEMENT_MEMBERSHIP_PROVEN,Current 2026 M1 whole-settlement fact joined to immutable official KSH five-digit settlement identifier.
14696,Nyíribrony,OPUS_TITASZ,OPUS TITÁSZ Áramhálózati Zrt.,OPUS_TITASZ:SERVICE_AREA,WHOLE_SETTLEMENT,NONE,SRC-B10-OPUS-TITASZ-M1-2026;SRC-B10-KSH-HNK-2019-SETTLEMENT-IDS,OBS,WHOLE_SETTLEMENT_MEMBERSHIP_PROVEN,Current 2026 M1 whole-settlement fact joined to immutable official KSH five-digit settlement identifier.
31477,Nyírjákó,OPUS_TITASZ,OPUS TITÁSZ Áramhálózati Zrt.,OPUS_TITASZ:SERVICE_AREA,WHOLE_SETTLEMENT,NONE,SRC-B10-OPUS-TITASZ-M1-2026;SRC-B10-KSH-HNK-2019-SETTLEMENT-IDS,OBS,WHOLE_SETTLEMENT_MEMBERSHIP_PROVEN,Current 2026 M1 whole-settlement fact joined to immutable official KSH five-digit settlement identifier.
18290,Nyírkarász,OPUS_TITASZ,OPUS TITÁSZ Áramhálózati Zrt.,OPUS_TITASZ:SERVICE_AREA,WHOLE_SETTLEMENT,NONE,SRC-B10-OPUS-TITASZ-M1-2026;SRC-B10-KSH-HNK-2019-SETTLEMENT-IDS,OBS,WHOLE_SETTLEMENT_MEMBERSHIP_PROVEN,Current 2026 M1 whole-settlement fact joined to immutable official KSH five-digit settlement identifier.
32452,Nyírkáta,OPUS_TITASZ,OPUS TITÁSZ Áramhálózati Zrt.,OPUS_TITASZ:SERVICE_AREA,WHOLE_SETTLEMENT,NONE,SRC-B10-OPUS-TITASZ-M1-2026;SRC-B10-KSH-HNK-2019-SETTLEMENT-IDS,OBS,WHOLE_SETTLEMENT_MEMBERSHIP_PROVEN,Current 2026 M1 whole-settlement fact joined to immutable official KSH five-digit settlement identifier.
25928,Nyírkércs,OPUS_TITASZ,OPUS TITÁSZ Áramhálózati Zrt.,OPUS_TITASZ:SERVICE_AREA,WHOLE_SETTLEMENT,NONE,SRC-B10-OPUS-TITASZ-M1-2026;SRC-B10-KSH-HNK-2019-SETTLEMENT-IDS,OBS,WHOLE_SETTLEMENT_MEMBERSHIP_PROVEN,Current 2026 M1 whole-settlement fact joined to immutable official KSH five-digit settlement identifier.
11095,Nyírlövő,OPUS_TITASZ,OPUS TITÁSZ Áramhálózati Zrt.,OPUS_TITASZ:SERVICE_AREA,WHOLE_SETTLEMENT,NONE,SRC-B10-OPUS-TITASZ-M1-2026;SRC-B10-KSH-HNK-2019-SETTLEMENT-IDS,OBS,WHOLE_SETTLEMENT_MEMBERSHIP_PROVEN,Current 2026 M1 whole-settlement fact joined to immutable official KSH five-digit settlement identifier.
11271,Nyírlugos,OPUS_TITASZ,OPUS TITÁSZ Áramhálózati Zrt.,OPUS_TITASZ:SERVICE_AREA,WHOLE_SETTLEMENT,NONE,SRC-B10-OPUS-TITASZ-M1-2026;SRC-B10-KSH-HNK-2019-SETTLEMENT-IDS,OBS,WHOLE_SETTLEMENT_MEMBERSHIP_PROVEN,Current 2026 M1 whole-settlement fact joined to immutable official KSH five-digit settlement identifier.
12274,Nyírmada,OPUS_TITASZ,OPUS TITÁSZ Áramhálózati Zrt.,OPUS_TITASZ:SERVICE_AREA,WHOLE_SETTLEMENT,NONE,SRC-B10-OPUS-TITASZ-M1-2026;SRC-B10-KSH-HNK-2019-SETTLEMENT-IDS,OBS,WHOLE_SETTLEMENT_MEMBERSHIP_PROVEN,Current 2026 M1 whole-settlement fact joined to immutable official KSH five-digit settlement identifier.
32382,Nyírmártonfalva,OPUS_TITASZ,OPUS TITÁSZ Áramhálózati Zrt.,OPUS_TITASZ:SERVICE_AREA,WHOLE_SETTLEMENT,NONE,SRC-B10-OPUS-TITASZ-M1-2026;SRC-B10-KSH-HNK-2019-SETTLEMENT-IDS,OBS,WHOLE_SETTLEMENT_MEMBERSHIP_PROVEN,Current 2026 M1 whole-settlement fact joined to immutable official KSH five-digit settlement identifier.
23269,Nyírmeggyes,OPUS_TITASZ,OPUS TITÁSZ Áramhálózati Zrt.,OPUS_TITASZ:SERVICE_AREA,WHOLE_SETTLEMENT,NONE,SRC-B10-OPUS-TITASZ-M1-2026;SRC-B10-KSH-HNK-2019-SETTLEMENT-IDS,OBS,WHOLE_SETTLEMENT_MEMBERSHIP_PROVEN,Current 2026 M1 whole-settlement fact joined to immutable official KSH five-digit settlement identifier.
26365,Nyírmihálydi,OPUS_TITASZ,OPUS TITÁSZ Áramhálózati Zrt.,OPUS_TITASZ:SERVICE_AREA,WHOLE_SETTLEMENT,NONE,SRC-B10-OPUS-TITASZ-M1-2026;SRC-B10-KSH-HNK-2019-SETTLEMENT-IDS,OBS,WHOLE_SETTLEMENT_MEMBERSHIP_PROVEN,Current 2026 M1 whole-settlement fact joined to immutable official KSH five-digit settlement identifier.
10807,Nyírparasznya,OPUS_TITASZ,OPUS TITÁSZ Áramhálózati Zrt.,OPUS_TITASZ:SERVICE_AREA,WHOLE_SETTLEMENT,NONE,SRC-B10-OPUS-TITASZ-M1-2026;SRC-B10-KSH-HNK-2019-SETTLEMENT-IDS,OBS,WHOLE_SETTLEMENT_MEMBERSHIP_PROVEN,Current 2026 M1 whole-settlement fact joined to immutable official KSH five-digit settlement identifier.
33145,Nyírpazony,OPUS_TITASZ,OPUS TITÁSZ Áramhálózati Zrt.,OPUS_TITASZ:SERVICE_AREA,WHOLE_SETTLEMENT,NONE,SRC-B10-OPUS-TITASZ-M1-2026;SRC-B10-KSH-HNK-2019-SETTLEMENT-IDS,OBS,WHOLE_SETTLEMENT_MEMBERSHIP_PROVEN,Current 2026 M1 whole-settlement fact joined to immutable official KSH five-digit settlement identifier.
03878,Nyírpilis,OPUS_TITASZ,OPUS TITÁSZ Áramhálózati Zrt.,OPUS_TITASZ:SERVICE_AREA,WHOLE_SETTLEMENT,NONE,SRC-B10-OPUS-TITASZ-M1-2026;SRC-B10-KSH-HNK-2019-SETTLEMENT-IDS,OBS,WHOLE_SETTLEMENT_MEMBERSHIP_PROVEN,Current 2026 M1 whole-settlement fact joined to immutable official KSH five-digit settlement identifier.
28060,Nyírtass,OPUS_TITASZ,OPUS TITÁSZ Áramhálózati Zrt.,OPUS_TITASZ:SERVICE_AREA,WHOLE_SETTLEMENT,NONE,SRC-B10-OPUS-TITASZ-M1-2026;SRC-B10-KSH-HNK-2019-SETTLEMENT-IDS,OBS,WHOLE_SETTLEMENT_MEMBERSHIP_PROVEN,Current 2026 M1 whole-settlement fact joined to immutable official KSH five-digit settlement identifier.
13550,Nyírtelek,OPUS_TITASZ,OPUS TITÁSZ Áramhálózati Zrt.,OPUS_TITASZ:SERVICE_AREA,WHOLE_SETTLEMENT,NONE,SRC-B10-OPUS-TITASZ-M1-2026;SRC-B10-KSH-HNK-2019-SETTLEMENT-IDS,OBS,WHOLE_SETTLEMENT_MEMBERSHIP_PROVEN,Current 2026 M1 whole-settlement fact joined to immutable official KSH five-digit settlement identifier.
09256,Nyírtét,OPUS_TITASZ,OPUS TITÁSZ Áramhálózati Zrt.,OPUS_TITASZ:SERVICE_AREA,WHOLE_SETTLEMENT,NONE,SRC-B10-OPUS-TITASZ-M1-2026;SRC-B10-KSH-HNK-2019-SETTLEMENT-IDS,OBS,WHOLE_SETTLEMENT_MEMBERSHIP_PROVEN,Current 2026 M1 whole-settlement fact joined to immutable official KSH five-digit settlement identifier.
12098,Nyírtura,OPUS_TITASZ,OPUS TITÁSZ Áramhálózati Zrt.,OPUS_TITASZ:SERVICE_AREA,WHOLE_SETTLEMENT,NONE,SRC-B10-OPUS-TITASZ-M1-2026;SRC-B10-KSH-HNK-2019-SETTLEMENT-IDS,OBS,WHOLE_SETTLEMENT_MEMBERSHIP_PROVEN,Current 2026 M1 whole-settlement fact joined to immutable official KSH five-digit settlement identifier.
16522,Nyírvasvári,OPUS_TITASZ,OPUS TITÁSZ Áramhálózati Zrt.,OPUS_TITASZ:SERVICE_AREA,WHOLE_SETTLEMENT,NONE,SRC-B10-OPUS-TITASZ-M1-2026;SRC-B10-KSH-HNK-2019-SETTLEMENT-IDS,OBS,WHOLE_SETTLEMENT_MEMBERSHIP_PROVEN,Current 2026 M1 whole-settlement fact joined to immutable official KSH five-digit settlement identifier.
11129,Olcsva,OPUS_TITASZ,OPUS TITÁSZ Áramhálózati Zrt.,OPUS_TITASZ:SERVICE_AREA,WHOLE_SETTLEMENT,NONE,SRC-B10-OPUS-TITASZ-M1-2026;SRC-B10-KSH-HNK-2019-SETTLEMENT-IDS,OBS,WHOLE_SETTLEMENT_MEMBERSHIP_PROVEN,Current 2026 M1 whole-settlement fact joined to immutable official KSH five-digit settlement identifier.
10834,Olcsvaapáti,OPUS_TITASZ,OPUS TITÁSZ Áramhálózati Zrt.,OPUS_TITASZ:SERVICE_AREA,WHOLE_SETTLEMENT,NONE,SRC-B10-OPUS-TITASZ-M1-2026;SRC-B10-KSH-HNK-2019-SETTLEMENT-IDS,OBS,WHOLE_SETTLEMENT_MEMBERSHIP_PROVEN,Current 2026 M1 whole-settlement fact joined to immutable official KSH five-digit settlement identifier.
22284,Ófehértó,OPUS_TITASZ,OPUS TITÁSZ Áramhálózati Zrt.,OPUS_TITASZ:SERVICE_AREA,WHOLE_SETTLEMENT,NONE,SRC-B10-OPUS-TITASZ-M1-2026;SRC-B10-KSH-HNK-2019-SETTLEMENT-IDS,OBS,WHOLE_SETTLEMENT_MEMBERSHIP_PROVEN,Current 2026 M1 whole-settlement fact joined to immutable official KSH five-digit settlement identifier.
27924,Ópályi,OPUS_TITASZ,OPUS TITÁSZ Áramhálózati Zrt.,OPUS_TITASZ:SERVICE_AREA,WHOLE_SETTLEMENT,NONE,SRC-B10-OPUS-TITASZ-M1-2026;SRC-B10-KSH-HNK-2019-SETTLEMENT-IDS,OBS,WHOLE_SETTLEMENT_MEMBERSHIP_PROVEN,Current 2026 M1 whole-settlement fact joined to immutable official KSH five-digit settlement identifier.
28006,Öcsöd,OPUS_TITASZ,OPUS TITÁSZ Áramhálózati Zrt.,OPUS_TITASZ:SERVICE_AREA,WHOLE_SETTLEMENT,NONE,SRC-B10-OPUS-TITASZ-M1-2026;SRC-B10-KSH-HNK-2019-SETTLEMENT-IDS,OBS,WHOLE_SETTLEMENT_MEMBERSHIP_PROVEN,Current 2026 M1 whole-settlement fact joined to immutable official KSH five-digit settlement identifier.
31769,Ököritófülpös,OPUS_TITASZ,OPUS TITÁSZ Áramhálózati Zrt.,OPUS_TITASZ:SERVICE_AREA,WHOLE_SETTLEMENT,NONE,SRC-B10-OPUS-TITASZ-M1-2026;SRC-B10-KSH-HNK-2019-SETTLEMENT-IDS,OBS,WHOLE_SETTLEMENT_MEMBERSHIP_PROVEN,Current 2026 M1 whole-settlement fact joined to immutable official KSH five-digit settlement identifier.
26550,Ömböly,OPUS_TITASZ,OPUS TITÁSZ Áramhálózati Zrt.,OPUS_TITASZ:SERVICE_AREA,WHOLE_SETTLEMENT,NONE,SRC-B10-OPUS-TITASZ-M1-2026;SRC-B10-KSH-HNK-2019-SETTLEMENT-IDS,OBS,WHOLE_SETTLEMENT_MEMBERSHIP_PROVEN,Current 2026 M1 whole-settlement fact joined to immutable official KSH five-digit settlement identifier.
29382,Örményes,OPUS_TITASZ,OPUS TITÁSZ Áramhálózati Zrt.,OPUS_TITASZ:SERVICE_AREA,WHOLE_SETTLEMENT,NONE,SRC-B10-OPUS-TITASZ-M1-2026;SRC-B10-KSH-HNK-2019-SETTLEMENT-IDS,OBS,WHOLE_SETTLEMENT_MEMBERSHIP_PROVEN,Current 2026 M1 whole-settlement fact joined to immutable official KSH five-digit settlement identifier.
09025,Őr,OPUS_TITASZ,OPUS TITÁSZ Áramhálózati Zrt.,OPUS_TITASZ:SERVICE_AREA,WHOLE_SETTLEMENT,NONE,SRC-B10-OPUS-TITASZ-M1-2026;SRC-B10-KSH-HNK-2019-SETTLEMENT-IDS,OBS,WHOLE_SETTLEMENT_MEMBERSHIP_PROVEN,Current 2026 M1 whole-settlement fact joined to immutable official KSH five-digit settlement identifier.
29559,Panyola,OPUS_TITASZ,OPUS TITÁSZ Áramhálózati Zrt.,OPUS_TITASZ:SERVICE_AREA,WHOLE_SETTLEMENT,NONE,SRC-B10-OPUS-TITASZ-M1-2026;SRC-B10-KSH-HNK-2019-SETTLEMENT-IDS,OBS,WHOLE_SETTLEMENT_MEMBERSHIP_PROVEN,Current 2026 M1 whole-settlement fact joined to immutable official KSH five-digit settlement identifier.
27748,Pap,OPUS_TITASZ,OPUS TITÁSZ Áramhálózati Zrt.,OPUS_TITASZ:SERVICE_AREA,WHOLE_SETTLEMENT,NONE,SRC-B10-OPUS-TITASZ-M1-2026;SRC-B10-KSH-HNK-2019-SETTLEMENT-IDS,OBS,WHOLE_SETTLEMENT_MEMBERSHIP_PROVEN,Current 2026 M1 whole-settlement fact joined to immutable official KSH five-digit settlement identifier.
32577,Papos,OPUS_TITASZ,OPUS TITÁSZ Áramhálózati Zrt.,OPUS_TITASZ:SERVICE_AREA,WHOLE_SETTLEMENT,NONE,SRC-B10-OPUS-TITASZ-M1-2026;SRC-B10-KSH-HNK-2019-SETTLEMENT-IDS,OBS,WHOLE_SETTLEMENT_MEMBERSHIP_PROVEN,Current 2026 M1 whole-settlement fact joined to immutable official KSH five-digit settlement identifier.
31972,Paszab,OPUS_TITASZ,OPUS TITÁSZ Áramhálózati Zrt.,OPUS_TITASZ:SERVICE_AREA,WHOLE_SETTLEMENT,NONE,SRC-B10-OPUS-TITASZ-M1-2026;SRC-B10-KSH-HNK-2019-SETTLEMENT-IDS,OBS,WHOLE_SETTLEMENT_MEMBERSHIP_PROVEN,Current 2026 M1 whole-settlement fact joined to immutable official KSH five-digit settlement identifier.
12186,Pátroha,OPUS_TITASZ,OPUS TITÁSZ Áramhálózati Zrt.,OPUS_TITASZ:SERVICE_AREA,WHOLE_SETTLEMENT,NONE,SRC-B10-OPUS-TITASZ-M1-2026;SRC-B10-KSH-HNK-2019-SETTLEMENT-IDS,OBS,WHOLE_SETTLEMENT_MEMBERSHIP_PROVEN,Current 2026 M1 whole-settlement fact joined to immutable official KSH five-digit settlement identifier.
23685,Pátyod,OPUS_TITASZ,OPUS TITÁSZ Áramhálózati Zrt.,OPUS_TITASZ:SERVICE_AREA,WHOLE_SETTLEMENT,NONE,SRC-B10-OPUS-TITASZ-M1-2026;SRC-B10-KSH-HNK-2019-SETTLEMENT-IDS,OBS,WHOLE_SETTLEMENT_MEMBERSHIP_PROVEN,Current 2026 M1 whole-settlement fact joined to immutable official KSH five-digit settlement identifier.
17084,Penészlek,OPUS_TITASZ,OPUS TITÁSZ Áramhálózati Zrt.,OPUS_TITASZ:SERVICE_AREA,WHOLE_SETTLEMENT,NONE,SRC-B10-OPUS-TITASZ-M1-2026;SRC-B10-KSH-HNK-2019-SETTLEMENT-IDS,OBS,WHOLE_SETTLEMENT_MEMBERSHIP_PROVEN,Current 2026 M1 whole-settlement fact joined to immutable official KSH five-digit settlement identifier.
32692,Penyige,OPUS_TITASZ,OPUS TITÁSZ Áramhálózati Zrt.,OPUS_TITASZ:SERVICE_AREA,WHOLE_SETTLEMENT,NONE,SRC-B10-OPUS-TITASZ-M1-2026;SRC-B10-KSH-HNK-2019-SETTLEMENT-IDS,OBS,WHOLE_SETTLEMENT_MEMBERSHIP_PROVEN,Current 2026 M1 whole-settlement fact joined to immutable official KSH five-digit settlement identifier.
17224,Petneháza,OPUS_TITASZ,OPUS TITÁSZ Áramhálózati Zrt.,OPUS_TITASZ:SERVICE_AREA,WHOLE_SETTLEMENT,NONE,SRC-B10-OPUS-TITASZ-M1-2026;SRC-B10-KSH-HNK-2019-SETTLEMENT-IDS,OBS,WHOLE_SETTLEMENT_MEMBERSHIP_PROVEN,Current 2026 M1 whole-settlement fact joined to immutable official KSH five-digit settlement identifier.
03391,Piricse,OPUS_TITASZ,OPUS TITÁSZ Áramhálózati Zrt.,OPUS_TITASZ:SERVICE_AREA,WHOLE_SETTLEMENT,NONE,SRC-B10-OPUS-TITASZ-M1-2026;SRC-B10-KSH-HNK-2019-SETTLEMENT-IDS,OBS,WHOLE_SETTLEMENT_MEMBERSHIP_PROVEN,Current 2026 M1 whole-settlement fact joined to immutable official KSH five-digit settlement identifier.
11837,Pocsaj,OPUS_TITASZ,OPUS TITÁSZ Áramhálózati Zrt.,OPUS_TITASZ:SERVICE_AREA,WHOLE_SETTLEMENT,NONE,SRC-B10-OPUS-TITASZ-M1-2026;SRC-B10-KSH-HNK-2019-SETTLEMENT-IDS,OBS,WHOLE_SETTLEMENT_MEMBERSHIP_PROVEN,Current 2026 M1 whole-settlement fact joined to immutable official KSH five-digit settlement identifier.
23117,Polgár,OPUS_TITASZ,OPUS TITÁSZ Áramhálózati Zrt.,OPUS_TITASZ:SERVICE_AREA,WHOLE_SETTLEMENT,NONE,SRC-B10-OPUS-TITASZ-M1-2026;SRC-B10-KSH-HNK-2019-SETTLEMENT-IDS,OBS,WHOLE_SETTLEMENT_MEMBERSHIP_PROVEN,Current 2026 M1 whole-settlement fact joined to immutable official KSH five-digit settlement identifier.
17215,Porcsalma,OPUS_TITASZ,OPUS TITÁSZ Áramhálózati Zrt.,OPUS_TITASZ:SERVICE_AREA,WHOLE_SETTLEMENT,NONE,SRC-B10-OPUS-TITASZ-M1-2026;SRC-B10-KSH-HNK-2019-SETTLEMENT-IDS,OBS,WHOLE_SETTLEMENT_MEMBERSHIP_PROVEN,Current 2026 M1 whole-settlement fact joined to immutable official KSH five-digit settlement identifier.
11244,Pócspetri,OPUS_TITASZ,OPUS TITÁSZ Áramhálózati Zrt.,OPUS_TITASZ:SERVICE_AREA,WHOLE_SETTLEMENT,NONE,SRC-B10-OPUS-TITASZ-M1-2026;SRC-B10-KSH-HNK-2019-SETTLEMENT-IDS,OBS,WHOLE_SETTLEMENT_MEMBERSHIP_PROVEN,Current 2026 M1 whole-settlement fact joined to immutable official KSH five-digit settlement identifier.
13860,Pusztadobos,OPUS_TITASZ,OPUS TITÁSZ Áramhálózati Zrt.,OPUS_TITASZ:SERVICE_AREA,WHOLE_SETTLEMENT,NONE,SRC-B10-OPUS-TITASZ-M1-2026;SRC-B10-KSH-HNK-2019-SETTLEMENT-IDS,OBS,WHOLE_SETTLEMENT_MEMBERSHIP_PROVEN,Current 2026 M1 whole-settlement fact joined to immutable official KSH five-digit settlement identifier.
10162,Püspökladány,OPUS_TITASZ,OPUS TITÁSZ Áramhálózati Zrt.,OPUS_TITASZ:SERVICE_AREA,WHOLE_SETTLEMENT,NONE,SRC-B10-OPUS-TITASZ-M1-2026;SRC-B10-KSH-HNK-2019-SETTLEMENT-IDS,OBS,WHOLE_SETTLEMENT_MEMBERSHIP_PROVEN,Current 2026 M1 whole-settlement fact joined to immutable official KSH five-digit settlement identifier.
14739,Rakamaz,OPUS_TITASZ,OPUS TITÁSZ Áramhálózati Zrt.,OPUS_TITASZ:SERVICE_AREA,WHOLE_SETTLEMENT,NONE,SRC-B10-OPUS-TITASZ-M1-2026;SRC-B10-KSH-HNK-2019-SETTLEMENT-IDS,OBS,WHOLE_SETTLEMENT_MEMBERSHIP_PROVEN,Current 2026 M1 whole-settlement fact joined to immutable official KSH five-digit settlement identifier.
31857,Ramocsaháza,OPUS_TITASZ,OPUS TITÁSZ Áramhálózati Zrt.,OPUS_TITASZ:SERVICE_AREA,WHOLE_SETTLEMENT,NONE,SRC-B10-OPUS-TITASZ-M1-2026;SRC-B10-KSH-HNK-2019-SETTLEMENT-IDS,OBS,WHOLE_SETTLEMENT_MEMBERSHIP_PROVEN,Current 2026 M1 whole-settlement fact joined to immutable official KSH five-digit settlement identifier.
14207,Rákóczifalva,OPUS_TITASZ,OPUS TITÁSZ Áramhálózati Zrt.,OPUS_TITASZ:SERVICE_AREA,WHOLE_SETTLEMENT,NONE,SRC-B10-OPUS-TITASZ-M1-2026;SRC-B10-KSH-HNK-2019-SETTLEMENT-IDS,OBS,WHOLE_SETTLEMENT_MEMBERSHIP_PROVEN,Current 2026 M1 whole-settlement fact joined to immutable official KSH five-digit settlement identifier.
12423,Rákócziújfalu,OPUS_TITASZ,OPUS TITÁSZ Áramhálózati Zrt.,OPUS_TITASZ:SERVICE_AREA,WHOLE_SETTLEMENT,NONE,SRC-B10-OPUS-TITASZ-M1-2026;SRC-B10-KSH-HNK-2019-SETTLEMENT-IDS,OBS,WHOLE_SETTLEMENT_MEMBERSHIP_PROVEN,Current 2026 M1 whole-settlement fact joined to immutable official KSH five-digit settlement identifier.
09061,Rápolt,OPUS_TITASZ,OPUS TITÁSZ Áramhálózati Zrt.,OPUS_TITASZ:SERVICE_AREA,WHOLE_SETTLEMENT,NONE,SRC-B10-OPUS-TITASZ-M1-2026;SRC-B10-KSH-HNK-2019-SETTLEMENT-IDS,OBS,WHOLE_SETTLEMENT_MEMBERSHIP_PROVEN,Current 2026 M1 whole-settlement fact joined to immutable official KSH five-digit settlement identifier.
21573,Rétközberencs,OPUS_TITASZ,OPUS TITÁSZ Áramhálózati Zrt.,OPUS_TITASZ:SERVICE_AREA,WHOLE_SETTLEMENT,NONE,SRC-B10-OPUS-TITASZ-M1-2026;SRC-B10-KSH-HNK-2019-SETTLEMENT-IDS,OBS,WHOLE_SETTLEMENT_MEMBERSHIP_PROVEN,Current 2026 M1 whole-settlement fact joined to immutable official KSH five-digit settlement identifier.
24581,Rohod,OPUS_TITASZ,OPUS TITÁSZ Áramhálózati Zrt.,OPUS_TITASZ:SERVICE_AREA,WHOLE_SETTLEMENT,NONE,SRC-B10-OPUS-TITASZ-M1-2026;SRC-B10-KSH-HNK-2019-SETTLEMENT-IDS,OBS,WHOLE_SETTLEMENT_MEMBERSHIP_PROVEN,Current 2026 M1 whole-settlement fact joined to immutable official KSH five-digit settlement identifier.
17428,Rozsály,OPUS_TITASZ,OPUS TITÁSZ Áramhálózati Zrt.,OPUS_TITASZ:SERVICE_AREA,WHOLE_SETTLEMENT,NONE,SRC-B10-OPUS-TITASZ-M1-2026;SRC-B10-KSH-HNK-2019-SETTLEMENT-IDS,OBS,WHOLE_SETTLEMENT_MEMBERSHIP_PROVEN,Current 2026 M1 whole-settlement fact joined to immutable official KSH five-digit settlement identifier.
26116,Sáp,OPUS_TITASZ,OPUS TITÁSZ Áramhálózati Zrt.,OPUS_TITASZ:SERVICE_AREA,WHOLE_SETTLEMENT,NONE,SRC-B10-OPUS-TITASZ-M1-2026;SRC-B10-KSH-HNK-2019-SETTLEMENT-IDS,OBS,WHOLE_SETTLEMENT_MEMBERSHIP_PROVEN,Current 2026 M1 whole-settlement fact joined to immutable official KSH five-digit settlement identifier.
25007,Sáránd,OPUS_TITASZ,OPUS TITÁSZ Áramhálózati Zrt.,OPUS_TITASZ:SERVICE_AREA,WHOLE_SETTLEMENT,NONE,SRC-B10-OPUS-TITASZ-M1-2026;SRC-B10-KSH-HNK-2019-SETTLEMENT-IDS,OBS,WHOLE_SETTLEMENT_MEMBERSHIP_PROVEN,Current 2026 M1 whole-settlement fact joined to immutable official KSH five-digit settlement identifier.
23940,Sárrétudvari,OPUS_TITASZ,OPUS TITÁSZ Áramhálózati Zrt.,OPUS_TITASZ:SERVICE_AREA,WHOLE_SETTLEMENT,NONE,SRC-B10-OPUS-TITASZ-M1-2026;SRC-B10-KSH-HNK-2019-SETTLEMENT-IDS,OBS,WHOLE_SETTLEMENT_MEMBERSHIP_PROVEN,Current 2026 M1 whole-settlement fact joined to immutable official KSH five-digit settlement identifier.
04491,Sényő,OPUS_TITASZ,OPUS TITÁSZ Áramhálózati Zrt.,OPUS_TITASZ:SERVICE_AREA,WHOLE_SETTLEMENT,NONE,SRC-B10-OPUS-TITASZ-M1-2026;SRC-B10-KSH-HNK-2019-SETTLEMENT-IDS,OBS,WHOLE_SETTLEMENT_MEMBERSHIP_PROVEN,Current 2026 M1 whole-settlement fact joined to immutable official KSH five-digit settlement identifier.
23889,Sonkád,OPUS_TITASZ,OPUS TITÁSZ Áramhálózati Zrt.,OPUS_TITASZ:SERVICE_AREA,WHOLE_SETTLEMENT,NONE,SRC-B10-OPUS-TITASZ-M1-2026;SRC-B10-KSH-HNK-2019-SETTLEMENT-IDS,OBS,WHOLE_SETTLEMENT_MEMBERSHIP_PROVEN,Current 2026 M1 whole-settlement fact joined to immutable official KSH five-digit settlement identifier.
19169,Szabolcs,OPUS_TITASZ,OPUS TITÁSZ Áramhálózati Zrt.,OPUS_TITASZ:SERVICE_AREA,WHOLE_SETTLEMENT,NONE,SRC-B10-OPUS-TITASZ-M1-2026;SRC-B10-KSH-HNK-2019-SETTLEMENT-IDS,OBS,WHOLE_SETTLEMENT_MEMBERSHIP_PROVEN,Current 2026 M1 whole-settlement fact joined to immutable official KSH five-digit settlement identifier.
22053,Szabolcsbáka,OPUS_TITASZ,OPUS TITÁSZ Áramhálózati Zrt.,OPUS_TITASZ:SERVICE_AREA,WHOLE_SETTLEMENT,NONE,SRC-B10-OPUS-TITASZ-M1-2026;SRC-B10-KSH-HNK-2019-SETTLEMENT-IDS,OBS,WHOLE_SETTLEMENT_MEMBERSHIP_PROVEN,Current 2026 M1 whole-settlement fact joined to immutable official KSH five-digit settlement identifier.
03586,Szabolcsveresmart,OPUS_TITASZ,OPUS TITÁSZ Áramhálózati Zrt.,OPUS_TITASZ:SERVICE_AREA,WHOLE_SETTLEMENT,NONE,SRC-B10-OPUS-TITASZ-M1-2026;SRC-B10-KSH-HNK-2019-SETTLEMENT-IDS,OBS,WHOLE_SETTLEMENT_MEMBERSHIP_PROVEN,Current 2026 M1 whole-settlement fact joined to immutable official KSH five-digit settlement identifier.
05874,Szajol,OPUS_TITASZ,OPUS TITÁSZ Áramhálózati Zrt.,OPUS_TITASZ:SERVICE_AREA,WHOLE_SETTLEMENT,NONE,SRC-B10-OPUS-TITASZ-M1-2026;SRC-B10-KSH-HNK-2019-SETTLEMENT-IDS,OBS,WHOLE_SETTLEMENT_MEMBERSHIP_PROVEN,Current 2026 M1 whole-settlement fact joined to immutable official KSH five-digit settlement identifier.
04774,Szakoly,OPUS_TITASZ,OPUS TITÁSZ Áramhálózati Zrt.,OPUS_TITASZ:SERVICE_AREA,WHOLE_SETTLEMENT,NONE,SRC-B10-OPUS-TITASZ-M1-2026;SRC-B10-KSH-HNK-2019-SETTLEMENT-IDS,OBS,WHOLE_SETTLEMENT_MEMBERSHIP_PROVEN,Current 2026 M1 whole-settlement fact joined to immutable official KSH five-digit settlement identifier.
18005,Szamosangyalos,OPUS_TITASZ,OPUS TITÁSZ Áramhálózati Zrt.,OPUS_TITASZ:SERVICE_AREA,WHOLE_SETTLEMENT,NONE,SRC-B10-OPUS-TITASZ-M1-2026;SRC-B10-KSH-HNK-2019-SETTLEMENT-IDS,OBS,WHOLE_SETTLEMENT_MEMBERSHIP_PROVEN,Current 2026 M1 whole-settlement fact joined to immutable official KSH five-digit settlement identifier.
22017,Szamosbecs,OPUS_TITASZ,OPUS TITÁSZ Áramhálózati Zrt.,OPUS_TITASZ:SERVICE_AREA,WHOLE_SETTLEMENT,NONE,SRC-B10-OPUS-TITASZ-M1-2026;SRC-B10-KSH-HNK-2019-SETTLEMENT-IDS,OBS,WHOLE_SETTLEMENT_MEMBERSHIP_PROVEN,Current 2026 M1 whole-settlement fact joined to immutable official KSH five-digit settlement identifier.
16300,Szamoskér,OPUS_TITASZ,OPUS TITÁSZ Áramhálózati Zrt.,OPUS_TITASZ:SERVICE_AREA,WHOLE_SETTLEMENT,NONE,SRC-B10-OPUS-TITASZ-M1-2026;SRC-B10-KSH-HNK-2019-SETTLEMENT-IDS,OBS,WHOLE_SETTLEMENT_MEMBERSHIP_PROVEN,Current 2026 M1 whole-settlement fact joined to immutable official KSH five-digit settlement identifier.
10436,Szamossályi,OPUS_TITASZ,OPUS TITÁSZ Áramhálózati Zrt.,OPUS_TITASZ:SERVICE_AREA,WHOLE_SETTLEMENT,NONE,SRC-B10-OPUS-TITASZ-M1-2026;SRC-B10-KSH-HNK-2019-SETTLEMENT-IDS,OBS,WHOLE_SETTLEMENT_MEMBERSHIP_PROVEN,Current 2026 M1 whole-settlement fact joined to immutable official KSH five-digit settlement identifier.
13046,Szamosszeg,OPUS_TITASZ,OPUS TITÁSZ Áramhálózati Zrt.,OPUS_TITASZ:SERVICE_AREA,WHOLE_SETTLEMENT,NONE,SRC-B10-OPUS-TITASZ-M1-2026;SRC-B10-KSH-HNK-2019-SETTLEMENT-IDS,OBS,WHOLE_SETTLEMENT_MEMBERSHIP_PROVEN,Current 2026 M1 whole-settlement fact joined to immutable official KSH five-digit settlement identifier.
31273,Szamosújlak,OPUS_TITASZ,OPUS TITÁSZ Áramhálózati Zrt.,OPUS_TITASZ:SERVICE_AREA,WHOLE_SETTLEMENT,NONE,SRC-B10-OPUS-TITASZ-M1-2026;SRC-B10-KSH-HNK-2019-SETTLEMENT-IDS,OBS,WHOLE_SETTLEMENT_MEMBERSHIP_PROVEN,Current 2026 M1 whole-settlement fact joined to immutable official KSH five-digit settlement identifier.
30085,Szamostatárfalva,OPUS_TITASZ,OPUS TITÁSZ Áramhálózati Zrt.,OPUS_TITASZ:SERVICE_AREA,WHOLE_SETTLEMENT,NONE,SRC-B10-OPUS-TITASZ-M1-2026;SRC-B10-KSH-HNK-2019-SETTLEMENT-IDS,OBS,WHOLE_SETTLEMENT_MEMBERSHIP_PROVEN,Current 2026 M1 whole-settlement fact joined to immutable official KSH five-digit settlement identifier.
23870,Szarvas,OPUS_TITASZ,OPUS TITÁSZ Áramhálózati Zrt.,OPUS_TITASZ:SERVICE_AREA,WHOLE_SETTLEMENT,NONE,SRC-B10-OPUS-TITASZ-M1-2026;SRC-B10-KSH-HNK-2019-SETTLEMENT-IDS,OBS,WHOLE_SETTLEMENT_MEMBERSHIP_PROVEN,Current 2026 M1 whole-settlement fact joined to immutable official KSH five-digit settlement identifier.
31237,Szatmárcseke,OPUS_TITASZ,OPUS TITÁSZ Áramhálózati Zrt.,OPUS_TITASZ:SERVICE_AREA,WHOLE_SETTLEMENT,NONE,SRC-B10-OPUS-TITASZ-M1-2026;SRC-B10-KSH-HNK-2019-SETTLEMENT-IDS,OBS,WHOLE_SETTLEMENT_MEMBERSHIP_PROVEN,Current 2026 M1 whole-settlement fact joined to immutable official KSH five-digit settlement identifier.
05777,Szászberek,OPUS_TITASZ,OPUS TITÁSZ Áramhálózati Zrt.,OPUS_TITASZ:SERVICE_AREA,WHOLE_SETTLEMENT,NONE,SRC-B10-OPUS-TITASZ-M1-2026;SRC-B10-KSH-HNK-2019-SETTLEMENT-IDS,OBS,WHOLE_SETTLEMENT_MEMBERSHIP_PROVEN,Current 2026 M1 whole-settlement fact joined to immutable official KSH five-digit settlement identifier.
21883,Szeghalom,OPUS_TITASZ,OPUS TITÁSZ Áramhálózati Zrt.,OPUS_TITASZ:SERVICE_AREA,WHOLE_SETTLEMENT,NONE,SRC-B10-OPUS-TITASZ-M1-2026;SRC-B10-KSH-HNK-2019-SETTLEMENT-IDS,OBS,WHOLE_SETTLEMENT_MEMBERSHIP_PROVEN,Current 2026 M1 whole-settlement fact joined to immutable official KSH five-digit settlement identifier.
20428,Szelevény,OPUS_TITASZ,OPUS TITÁSZ Áramhálózati Zrt.,OPUS_TITASZ:SERVICE_AREA,WHOLE_SETTLEMENT,NONE,SRC-B10-OPUS-TITASZ-M1-2026;SRC-B10-KSH-HNK-2019-SETTLEMENT-IDS,OBS,WHOLE_SETTLEMENT_MEMBERSHIP_PROVEN,Current 2026 M1 whole-settlement fact joined to immutable official KSH five-digit settlement identifier.
19099,Szentpéterszeg,OPUS_TITASZ,OPUS TITÁSZ Áramhálózati Zrt.,OPUS_TITASZ:SERVICE_AREA,WHOLE_SETTLEMENT,NONE,SRC-B10-OPUS-TITASZ-M1-2026;SRC-B10-KSH-HNK-2019-SETTLEMENT-IDS,OBS,WHOLE_SETTLEMENT_MEMBERSHIP_PROVEN,Current 2026 M1 whole-settlement fact joined to immutable official KSH five-digit settlement identifier.
33437,Szerep,OPUS_TITASZ,OPUS TITÁSZ Áramhálózati Zrt.,OPUS_TITASZ:SERVICE_AREA,WHOLE_SETTLEMENT,NONE,SRC-B10-OPUS-TITASZ-M1-2026;SRC-B10-KSH-HNK-2019-SETTLEMENT-IDS,OBS,WHOLE_SETTLEMENT_MEMBERSHIP_PROVEN,Current 2026 M1 whole-settlement fact joined to immutable official KSH five-digit settlement identifier.
31088,Székely,OPUS_TITASZ,OPUS TITÁSZ Áramhálózati Zrt.,OPUS_TITASZ:SERVICE_AREA,WHOLE_SETTLEMENT,NONE,SRC-B10-OPUS-TITASZ-M1-2026;SRC-B10-KSH-HNK-2019-SETTLEMENT-IDS,OBS,WHOLE_SETTLEMENT_MEMBERSHIP_PROVEN,Current 2026 M1 whole-settlement fact joined to immutable official KSH five-digit settlement identifier.
27854,Szolnok,OPUS_TITASZ,OPUS TITÁSZ Áramhálózati Zrt.,OPUS_TITASZ:SERVICE_AREA,WHOLE_SETTLEMENT,NONE,SRC-B10-OPUS-TITASZ-M1-2026;SRC-B10-KSH-HNK-2019-SETTLEMENT-IDS,OBS,WHOLE_SETTLEMENT_MEMBERSHIP_PROVEN,Current 2026 M1 whole-settlement fact joined to immutable official KSH five-digit settlement identifier.
34388,Szorgalmatos,OPUS_TITASZ,OPUS TITÁSZ Áramhálózati Zrt.,OPUS_TITASZ:SERVICE_AREA,WHOLE_SETTLEMENT,NONE,SRC-B10-OPUS-TITASZ-M1-2026;SRC-B10-KSH-HNK-2019-SETTLEMENT-IDS,OBS,WHOLE_SETTLEMENT_MEMBERSHIP_PROVEN,Current 2026 M1 whole-settlement fact joined to immutable official KSH five-digit settlement identifier.
04312,Tarpa,OPUS_TITASZ,OPUS TITÁSZ Áramhálózati Zrt.,OPUS_TITASZ:SERVICE_AREA,WHOLE_SETTLEMENT,NONE,SRC-B10-OPUS-TITASZ-M1-2026;SRC-B10-KSH-HNK-2019-SETTLEMENT-IDS,OBS,WHOLE_SETTLEMENT_MEMBERSHIP_PROVEN,Current 2026 M1 whole-settlement fact joined to immutable official KSH five-digit settlement identifier.
29911,Tákos,OPUS_TITASZ,OPUS TITÁSZ Áramhálózati Zrt.,OPUS_TITASZ:SERVICE_AREA,WHOLE_SETTLEMENT,NONE,SRC-B10-OPUS-TITASZ-M1-2026;SRC-B10-KSH-HNK-2019-SETTLEMENT-IDS,OBS,WHOLE_SETTLEMENT_MEMBERSHIP_PROVEN,Current 2026 M1 whole-settlement fact joined to immutable official KSH five-digit settlement identifier.
19691,Tetétlen,OPUS_TITASZ,OPUS TITÁSZ Áramhálózati Zrt.,OPUS_TITASZ:SERVICE_AREA,WHOLE_SETTLEMENT,NONE,SRC-B10-OPUS-TITASZ-M1-2026;SRC-B10-KSH-HNK-2019-SETTLEMENT-IDS,OBS,WHOLE_SETTLEMENT_MEMBERSHIP_PROVEN,Current 2026 M1 whole-settlement fact joined to immutable official KSH five-digit settlement identifier.
33358,Terem,OPUS_TITASZ,OPUS TITÁSZ Áramhálózati Zrt.,OPUS_TITASZ:SERVICE_AREA,WHOLE_SETTLEMENT,NONE,SRC-B10-OPUS-TITASZ-M1-2026;SRC-B10-KSH-HNK-2019-SETTLEMENT-IDS,OBS,WHOLE_SETTLEMENT_MEMBERSHIP_PROVEN,Current 2026 M1 whole-settlement fact joined to immutable official KSH five-digit settlement identifier.
31042,Tépe,OPUS_TITASZ,OPUS TITÁSZ Áramhálózati Zrt.,OPUS_TITASZ:SERVICE_AREA,WHOLE_SETTLEMENT,NONE,SRC-B10-OPUS-TITASZ-M1-2026;SRC-B10-KSH-HNK-2019-SETTLEMENT-IDS,OBS,WHOLE_SETTLEMENT_MEMBERSHIP_PROVEN,Current 2026 M1 whole-settlement fact joined to immutable official KSH five-digit settlement identifier.
23214,Téglás,OPUS_TITASZ,OPUS TITÁSZ Áramhálózati Zrt.,OPUS_TITASZ:SERVICE_AREA,WHOLE_SETTLEMENT,NONE,SRC-B10-OPUS-TITASZ-M1-2026;SRC-B10-KSH-HNK-2019-SETTLEMENT-IDS,OBS,WHOLE_SETTLEMENT_MEMBERSHIP_PROVEN,Current 2026 M1 whole-settlement fact joined to immutable official KSH five-digit settlement identifier.
08952,Tiborszállás,OPUS_TITASZ,OPUS TITÁSZ Áramhálózati Zrt.,OPUS_TITASZ:SERVICE_AREA,WHOLE_SETTLEMENT,NONE,SRC-B10-OPUS-TITASZ-M1-2026;SRC-B10-KSH-HNK-2019-SETTLEMENT-IDS,OBS,WHOLE_SETTLEMENT_MEMBERSHIP_PROVEN,Current 2026 M1 whole-settlement fact joined to immutable official KSH five-digit settlement identifier.
24475,Timár,OPUS_TITASZ,OPUS TITÁSZ Áramhálózati Zrt.,OPUS_TITASZ:SERVICE_AREA,WHOLE_SETTLEMENT,NONE,SRC-B10-OPUS-TITASZ-M1-2026;SRC-B10-KSH-HNK-2019-SETTLEMENT-IDS,OBS,WHOLE_SETTLEMENT_MEMBERSHIP_PROVEN,Current 2026 M1 whole-settlement fact joined to immutable official KSH five-digit settlement identifier.
09423,Tiszaadony,OPUS_TITASZ,OPUS TITÁSZ Áramhálózati Zrt.,OPUS_TITASZ:SERVICE_AREA,WHOLE_SETTLEMENT,NONE,SRC-B10-OPUS-TITASZ-M1-2026;SRC-B10-KSH-HNK-2019-SETTLEMENT-IDS,OBS,WHOLE_SETTLEMENT_MEMBERSHIP_PROVEN,Current 2026 M1 whole-settlement fact joined to immutable official KSH five-digit settlement identifier.
17817,Tiszabecs,OPUS_TITASZ,OPUS TITÁSZ Áramhálózati Zrt.,OPUS_TITASZ:SERVICE_AREA,WHOLE_SETTLEMENT,NONE,SRC-B10-OPUS-TITASZ-M1-2026;SRC-B10-KSH-HNK-2019-SETTLEMENT-IDS,OBS,WHOLE_SETTLEMENT_MEMBERSHIP_PROVEN,Current 2026 M1 whole-settlement fact joined to immutable official KSH five-digit settlement identifier.
03850,Tiszabercel,OPUS_TITASZ,OPUS TITÁSZ Áramhálózati Zrt.,OPUS_TITASZ:SERVICE_AREA,WHOLE_SETTLEMENT,NONE,SRC-B10-OPUS-TITASZ-M1-2026;SRC-B10-KSH-HNK-2019-SETTLEMENT-IDS,OBS,WHOLE_SETTLEMENT_MEMBERSHIP_PROVEN,Current 2026 M1 whole-settlement fact joined to immutable official KSH five-digit settlement identifier.
20172,Tiszabezdéd,OPUS_TITASZ,OPUS TITÁSZ Áramhálózati Zrt.,OPUS_TITASZ:SERVICE_AREA,WHOLE_SETTLEMENT,NONE,SRC-B10-OPUS-TITASZ-M1-2026;SRC-B10-KSH-HNK-2019-SETTLEMENT-IDS,OBS,WHOLE_SETTLEMENT_MEMBERSHIP_PROVEN,Current 2026 M1 whole-settlement fact joined to immutable official KSH five-digit settlement identifier.
10773,Tiszabő,OPUS_TITASZ,OPUS TITÁSZ Áramhálózati Zrt.,OPUS_TITASZ:SERVICE_AREA,WHOLE_SETTLEMENT,NONE,SRC-B10-OPUS-TITASZ-M1-2026;SRC-B10-KSH-HNK-2019-SETTLEMENT-IDS,OBS,WHOLE_SETTLEMENT_MEMBERSHIP_PROVEN,Current 2026 M1 whole-settlement fact joined to immutable official KSH five-digit settlement identifier.
22770,Tiszabura,OPUS_TITASZ,OPUS TITÁSZ Áramhálózati Zrt.,OPUS_TITASZ:SERVICE_AREA,WHOLE_SETTLEMENT,NONE,SRC-B10-OPUS-TITASZ-M1-2026;SRC-B10-KSH-HNK-2019-SETTLEMENT-IDS,OBS,WHOLE_SETTLEMENT_MEMBERSHIP_PROVEN,Current 2026 M1 whole-settlement fact joined to immutable official KSH five-digit settlement identifier.
15644,Tiszacsege,OPUS_TITASZ,OPUS TITÁSZ Áramhálózati Zrt.,OPUS_TITASZ:SERVICE_AREA,WHOLE_SETTLEMENT,NONE,SRC-B10-OPUS-TITASZ-M1-2026;SRC-B10-KSH-HNK-2019-SETTLEMENT-IDS,OBS,WHOLE_SETTLEMENT_MEMBERSHIP_PROVEN,Current 2026 M1 whole-settlement fact joined to immutable official KSH five-digit settlement identifier.
24448,Tiszacsécse,OPUS_TITASZ,OPUS TITÁSZ Áramhálózati Zrt.,OPUS_TITASZ:SERVICE_AREA,WHOLE_SETTLEMENT,NONE,SRC-B10-OPUS-TITASZ-M1-2026;SRC-B10-KSH-HNK-2019-SETTLEMENT-IDS,OBS,WHOLE_SETTLEMENT_MEMBERSHIP_PROVEN,Current 2026 M1 whole-settlement fact joined to immutable official KSH five-digit settlement identifier.
06433,Tiszadada,OPUS_TITASZ,OPUS TITÁSZ Áramhálózati Zrt.,OPUS_TITASZ:SERVICE_AREA,WHOLE_SETTLEMENT,NONE,SRC-B10-OPUS-TITASZ-M1-2026;SRC-B10-KSH-HNK-2019-SETTLEMENT-IDS,OBS,WHOLE_SETTLEMENT_MEMBERSHIP_PROVEN,Current 2026 M1 whole-settlement fact joined to immutable official KSH five-digit settlement identifier.
16230,Tiszaderzs,OPUS_TITASZ,OPUS TITÁSZ Áramhálózati Zrt.,OPUS_TITASZ:SERVICE_AREA,WHOLE_SETTLEMENT,NONE,SRC-B10-OPUS-TITASZ-M1-2026;SRC-B10-KSH-HNK-2019-SETTLEMENT-IDS,OBS,WHOLE_SETTLEMENT_MEMBERSHIP_PROVEN,Current 2026 M1 whole-settlement fact joined to immutable official KSH five-digit settlement identifier.
12593,Tiszadob,OPUS_TITASZ,OPUS TITÁSZ Áramhálózati Zrt.,OPUS_TITASZ:SERVICE_AREA,WHOLE_SETTLEMENT,NONE,SRC-B10-OPUS-TITASZ-M1-2026;SRC-B10-KSH-HNK-2019-SETTLEMENT-IDS,OBS,WHOLE_SETTLEMENT_MEMBERSHIP_PROVEN,Current 2026 M1 whole-settlement fact joined to immutable official KSH five-digit settlement identifier.
09113,Tiszaeszlár,OPUS_TITASZ,OPUS TITÁSZ Áramhálózati Zrt.,OPUS_TITASZ:SERVICE_AREA,WHOLE_SETTLEMENT,NONE,SRC-B10-OPUS-TITASZ-M1-2026;SRC-B10-KSH-HNK-2019-SETTLEMENT-IDS,OBS,WHOLE_SETTLEMENT_MEMBERSHIP_PROVEN,Current 2026 M1 whole-settlement fact joined to immutable official KSH five-digit settlement identifier.
13815,Tiszaföldvár,OPUS_TITASZ,OPUS TITÁSZ Áramhálózati Zrt.,OPUS_TITASZ:SERVICE_AREA,WHOLE_SETTLEMENT,NONE,SRC-B10-OPUS-TITASZ-M1-2026;SRC-B10-KSH-HNK-2019-SETTLEMENT-IDS,OBS,WHOLE_SETTLEMENT_MEMBERSHIP_PROVEN,Current 2026 M1 whole-settlement fact joined to immutable official KSH five-digit settlement identifier.
29726,Tiszafüred,OPUS_TITASZ,OPUS TITÁSZ Áramhálózati Zrt.,OPUS_TITASZ:SERVICE_AREA,WHOLE_SETTLEMENT,NONE,SRC-B10-OPUS-TITASZ-M1-2026;SRC-B10-KSH-HNK-2019-SETTLEMENT-IDS,OBS,WHOLE_SETTLEMENT_MEMBERSHIP_PROVEN,Current 2026 M1 whole-settlement fact joined to immutable official KSH five-digit settlement identifier.
30304,Tiszagyenda,OPUS_TITASZ,OPUS TITÁSZ Áramhálózati Zrt.,OPUS_TITASZ:SERVICE_AREA,WHOLE_SETTLEMENT,NONE,SRC-B10-OPUS-TITASZ-M1-2026;SRC-B10-KSH-HNK-2019-SETTLEMENT-IDS,OBS,WHOLE_SETTLEMENT_MEMBERSHIP_PROVEN,Current 2026 M1 whole-settlement fact joined to immutable official KSH five-digit settlement identifier.
30845,Tiszagyulaháza,OPUS_TITASZ,OPUS TITÁSZ Áramhálózati Zrt.,OPUS_TITASZ:SERVICE_AREA,WHOLE_SETTLEMENT,NONE,SRC-B10-OPUS-TITASZ-M1-2026;SRC-B10-KSH-HNK-2019-SETTLEMENT-IDS,OBS,WHOLE_SETTLEMENT_MEMBERSHIP_PROVEN,Current 2026 M1 whole-settlement fact joined to immutable official KSH five-digit settlement identifier.
28699,Tiszaigar,OPUS_TITASZ,OPUS TITÁSZ Áramhálózati Zrt.,OPUS_TITASZ:SERVICE_AREA,WHOLE_SETTLEMENT,NONE,SRC-B10-OPUS-TITASZ-M1-2026;SRC-B10-KSH-HNK-2019-SETTLEMENT-IDS,OBS,WHOLE_SETTLEMENT_MEMBERSHIP_PROVEN,Current 2026 M1 whole-settlement fact joined to immutable official KSH five-digit settlement identifier.
20446,Tiszainoka,OPUS_TITASZ,OPUS TITÁSZ Áramhálózati Zrt.,OPUS_TITASZ:SERVICE_AREA,WHOLE_SETTLEMENT,NONE,SRC-B10-OPUS-TITASZ-M1-2026;SRC-B10-KSH-HNK-2019-SETTLEMENT-IDS,OBS,WHOLE_SETTLEMENT_MEMBERSHIP_PROVEN,Current 2026 M1 whole-settlement fact joined to immutable official KSH five-digit settlement identifier.
29346,Tiszajenő,OPUS_TITASZ,OPUS TITÁSZ Áramhálózati Zrt.,OPUS_TITASZ:SERVICE_AREA,WHOLE_SETTLEMENT,NONE,SRC-B10-OPUS-TITASZ-M1-2026;SRC-B10-KSH-HNK-2019-SETTLEMENT-IDS,OBS,WHOLE_SETTLEMENT_MEMBERSHIP_PROVEN,Current 2026 M1 whole-settlement fact joined to immutable official KSH five-digit settlement identifier.
08554,Tiszakanyár,OPUS_TITASZ,OPUS TITÁSZ Áramhálózati Zrt.,OPUS_TITASZ:SERVICE_AREA,WHOLE_SETTLEMENT,NONE,SRC-B10-OPUS-TITASZ-M1-2026;SRC-B10-KSH-HNK-2019-SETTLEMENT-IDS,OBS,WHOLE_SETTLEMENT_MEMBERSHIP_PROVEN,Current 2026 M1 whole-settlement fact joined to immutable official KSH five-digit settlement identifier.
04446,Tiszakerecseny,OPUS_TITASZ,OPUS TITÁSZ Áramhálózati Zrt.,OPUS_TITASZ:SERVICE_AREA,WHOLE_SETTLEMENT,NONE,SRC-B10-OPUS-TITASZ-M1-2026;SRC-B10-KSH-HNK-2019-SETTLEMENT-IDS,OBS,WHOLE_SETTLEMENT_MEMBERSHIP_PROVEN,Current 2026 M1 whole-settlement fact joined to immutable official KSH five-digit settlement identifier.
30623,Tiszakécske,OPUS_TITASZ,OPUS TITÁSZ Áramhálózati Zrt.,OPUS_TITASZ:SERVICE_AREA,WHOLE_SETTLEMENT,NONE,SRC-B10-OPUS-TITASZ-M1-2026;SRC-B10-KSH-HNK-2019-SETTLEMENT-IDS,OBS,WHOLE_SETTLEMENT_MEMBERSHIP_PROVEN,Current 2026 M1 whole-settlement fact joined to immutable official KSH five-digit settlement identifier.
08794,Tiszakóród,OPUS_TITASZ,OPUS TITÁSZ Áramhálózati Zrt.,OPUS_TITASZ:SERVICE_AREA,WHOLE_SETTLEMENT,NONE,SRC-B10-OPUS-TITASZ-M1-2026;SRC-B10-KSH-HNK-2019-SETTLEMENT-IDS,OBS,WHOLE_SETTLEMENT_MEMBERSHIP_PROVEN,Current 2026 M1 whole-settlement fact joined to immutable official KSH five-digit settlement identifier.
30386,Tiszakürt,OPUS_TITASZ,OPUS TITÁSZ Áramhálózati Zrt.,OPUS_TITASZ:SERVICE_AREA,WHOLE_SETTLEMENT,NONE,SRC-B10-OPUS-TITASZ-M1-2026;SRC-B10-KSH-HNK-2019-SETTLEMENT-IDS,OBS,WHOLE_SETTLEMENT_MEMBERSHIP_PROVEN,Current 2026 M1 whole-settlement fact joined to immutable official KSH five-digit settlement identifier.
23524,Tiszalök,OPUS_TITASZ,OPUS TITÁSZ Áramhálózati Zrt.,OPUS_TITASZ:SERVICE_AREA,WHOLE_SETTLEMENT,NONE,SRC-B10-OPUS-TITASZ-M1-2026;SRC-B10-KSH-HNK-2019-SETTLEMENT-IDS,OBS,WHOLE_SETTLEMENT_MEMBERSHIP_PROVEN,Current 2026 M1 whole-settlement fact joined to immutable official KSH five-digit settlement identifier.
11907,Tiszamogyorós,OPUS_TITASZ,OPUS TITÁSZ Áramhálózati Zrt.,OPUS_TITASZ:SERVICE_AREA,WHOLE_SETTLEMENT,NONE,SRC-B10-OPUS-TITASZ-M1-2026;SRC-B10-KSH-HNK-2019-SETTLEMENT-IDS,OBS,WHOLE_SETTLEMENT_MEMBERSHIP_PROVEN,Current 2026 M1 whole-settlement fact joined to immutable official KSH five-digit settlement identifier.
27252,Tiszanagyfalu,OPUS_TITASZ,OPUS TITÁSZ Áramhálózati Zrt.,OPUS_TITASZ:SERVICE_AREA,WHOLE_SETTLEMENT,NONE,SRC-B10-OPUS-TITASZ-M1-2026;SRC-B10-KSH-HNK-2019-SETTLEMENT-IDS,OBS,WHOLE_SETTLEMENT_MEMBERSHIP_PROVEN,Current 2026 M1 whole-settlement fact joined to immutable official KSH five-digit settlement identifier.
15787,Tiszaörs,OPUS_TITASZ,OPUS TITÁSZ Áramhálózati Zrt.,OPUS_TITASZ:SERVICE_AREA,WHOLE_SETTLEMENT,NONE,SRC-B10-OPUS-TITASZ-M1-2026;SRC-B10-KSH-HNK-2019-SETTLEMENT-IDS,OBS,WHOLE_SETTLEMENT_MEMBERSHIP_PROVEN,Current 2026 M1 whole-settlement fact joined to immutable official KSH five-digit settlement identifier.
03373,Tiszapüspöki,OPUS_TITASZ,OPUS TITÁSZ Áramhálózati Zrt.,OPUS_TITASZ:SERVICE_AREA,WHOLE_SETTLEMENT,NONE,SRC-B10-OPUS-TITASZ-M1-2026;SRC-B10-KSH-HNK-2019-SETTLEMENT-IDS,OBS,WHOLE_SETTLEMENT_MEMBERSHIP_PROVEN,Current 2026 M1 whole-settlement fact joined to immutable official KSH five-digit settlement identifier.
10205,Tiszarád,OPUS_TITASZ,OPUS TITÁSZ Áramhálózati Zrt.,OPUS_TITASZ:SERVICE_AREA,WHOLE_SETTLEMENT,NONE,SRC-B10-OPUS-TITASZ-M1-2026;SRC-B10-KSH-HNK-2019-SETTLEMENT-IDS,OBS,WHOLE_SETTLEMENT_MEMBERSHIP_PROVEN,Current 2026 M1 whole-settlement fact joined to immutable official KSH five-digit settlement identifier.
20181,Tiszaroff,OPUS_TITASZ,OPUS TITÁSZ Áramhálózati Zrt.,OPUS_TITASZ:SERVICE_AREA,WHOLE_SETTLEMENT,NONE,SRC-B10-OPUS-TITASZ-M1-2026;SRC-B10-KSH-HNK-2019-SETTLEMENT-IDS,OBS,WHOLE_SETTLEMENT_MEMBERSHIP_PROVEN,Current 2026 M1 whole-settlement fact joined to immutable official KSH five-digit settlement identifier.
21494,Tiszasas,OPUS_TITASZ,OPUS TITÁSZ Áramhálózati Zrt.,OPUS_TITASZ:SERVICE_AREA,WHOLE_SETTLEMENT,NONE,SRC-B10-OPUS-TITASZ-M1-2026;SRC-B10-KSH-HNK-2019-SETTLEMENT-IDS,OBS,WHOLE_SETTLEMENT_MEMBERSHIP_PROVEN,Current 2026 M1 whole-settlement fact joined to immutable official KSH five-digit settlement identifier.
17695,Tiszasüly,OPUS_TITASZ,OPUS TITÁSZ Áramhálózati Zrt.,OPUS_TITASZ:SERVICE_AREA,WHOLE_SETTLEMENT,NONE,SRC-B10-OPUS-TITASZ-M1-2026;SRC-B10-KSH-HNK-2019-SETTLEMENT-IDS,OBS,WHOLE_SETTLEMENT_MEMBERSHIP_PROVEN,Current 2026 M1 whole-settlement fact joined to immutable official KSH five-digit settlement identifier.
13541,Tiszaszalka,OPUS_TITASZ,OPUS TITÁSZ Áramhálózati Zrt.,OPUS_TITASZ:SERVICE_AREA,WHOLE_SETTLEMENT,NONE,SRC-B10-OPUS-TITASZ-M1-2026;SRC-B10-KSH-HNK-2019-SETTLEMENT-IDS,OBS,WHOLE_SETTLEMENT_MEMBERSHIP_PROVEN,Current 2026 M1 whole-settlement fact joined to immutable official KSH five-digit settlement identifier.
22789,Tiszaszentimre,OPUS_TITASZ,OPUS TITÁSZ Áramhálózati Zrt.,OPUS_TITASZ:SERVICE_AREA,WHOLE_SETTLEMENT,NONE,SRC-B10-OPUS-TITASZ-M1-2026;SRC-B10-KSH-HNK-2019-SETTLEMENT-IDS,OBS,WHOLE_SETTLEMENT_MEMBERSHIP_PROVEN,Current 2026 M1 whole-settlement fact joined to immutable official KSH five-digit settlement identifier.
27544,Tiszaszentmárton,OPUS_TITASZ,OPUS TITÁSZ Áramhálózati Zrt.,OPUS_TITASZ:SERVICE_AREA,WHOLE_SETTLEMENT,NONE,SRC-B10-OPUS-TITASZ-M1-2026;SRC-B10-KSH-HNK-2019-SETTLEMENT-IDS,OBS,WHOLE_SETTLEMENT_MEMBERSHIP_PROVEN,Current 2026 M1 whole-settlement fact joined to immutable official KSH five-digit settlement identifier.
07852,Tiszaszőlős,OPUS_TITASZ,OPUS TITÁSZ Áramhálózati Zrt.,OPUS_TITASZ:SERVICE_AREA,WHOLE_SETTLEMENT,NONE,SRC-B10-OPUS-TITASZ-M1-2026;SRC-B10-KSH-HNK-2019-SETTLEMENT-IDS,OBS,WHOLE_SETTLEMENT_MEMBERSHIP_PROVEN,Current 2026 M1 whole-settlement fact joined to immutable official KSH five-digit settlement identifier.
14447,Tiszatelek,OPUS_TITASZ,OPUS TITÁSZ Áramhálózati Zrt.,OPUS_TITASZ:SERVICE_AREA,WHOLE_SETTLEMENT,NONE,SRC-B10-OPUS-TITASZ-M1-2026;SRC-B10-KSH-HNK-2019-SETTLEMENT-IDS,OBS,WHOLE_SETTLEMENT_MEMBERSHIP_PROVEN,Current 2026 M1 whole-settlement fact joined to immutable official KSH five-digit settlement identifier.
09627,Tiszatenyő,OPUS_TITASZ,OPUS TITÁSZ Áramhálózati Zrt.,OPUS_TITASZ:SERVICE_AREA,WHOLE_SETTLEMENT,NONE,SRC-B10-OPUS-TITASZ-M1-2026;SRC-B10-KSH-HNK-2019-SETTLEMENT-IDS,OBS,WHOLE_SETTLEMENT_MEMBERSHIP_PROVEN,Current 2026 M1 whole-settlement fact joined to immutable official KSH five-digit settlement identifier.
14094,Tiszaug,OPUS_TITASZ,OPUS TITÁSZ Áramhálózati Zrt.,OPUS_TITASZ:SERVICE_AREA,WHOLE_SETTLEMENT,NONE,SRC-B10-OPUS-TITASZ-M1-2026;SRC-B10-KSH-HNK-2019-SETTLEMENT-IDS,OBS,WHOLE_SETTLEMENT_MEMBERSHIP_PROVEN,Current 2026 M1 whole-settlement fact joined to immutable official KSH five-digit settlement identifier.
07597,Tiszavasvári,OPUS_TITASZ,OPUS TITÁSZ Áramhálózati Zrt.,OPUS_TITASZ:SERVICE_AREA,WHOLE_SETTLEMENT,NONE,SRC-B10-OPUS-TITASZ-M1-2026;SRC-B10-KSH-HNK-2019-SETTLEMENT-IDS,OBS,WHOLE_SETTLEMENT_MEMBERSHIP_PROVEN,Current 2026 M1 whole-settlement fact joined to immutable official KSH five-digit settlement identifier.
31866,Tiszavárkony,OPUS_TITASZ,OPUS TITÁSZ Áramhálózati Zrt.,OPUS_TITASZ:SERVICE_AREA,WHOLE_SETTLEMENT,NONE,SRC-B10-OPUS-TITASZ-M1-2026;SRC-B10-KSH-HNK-2019-SETTLEMENT-IDS,OBS,WHOLE_SETTLEMENT_MEMBERSHIP_PROVEN,Current 2026 M1 whole-settlement fact joined to immutable official KSH five-digit settlement identifier.
33747,Tiszavid,OPUS_TITASZ,OPUS TITÁSZ Áramhálózati Zrt.,OPUS_TITASZ:SERVICE_AREA,WHOLE_SETTLEMENT,NONE,SRC-B10-OPUS-TITASZ-M1-2026;SRC-B10-KSH-HNK-2019-SETTLEMENT-IDS,OBS,WHOLE_SETTLEMENT_MEMBERSHIP_PROVEN,Current 2026 M1 whole-settlement fact joined to immutable official KSH five-digit settlement identifier.
27261,Tisztaberek,OPUS_TITASZ,OPUS TITÁSZ Áramhálózati Zrt.,OPUS_TITASZ:SERVICE_AREA,WHOLE_SETTLEMENT,NONE,SRC-B10-OPUS-TITASZ-M1-2026;SRC-B10-KSH-HNK-2019-SETTLEMENT-IDS,OBS,WHOLE_SETTLEMENT_MEMBERSHIP_PROVEN,Current 2026 M1 whole-settlement fact joined to immutable official KSH five-digit settlement identifier.
20260,Tivadar,OPUS_TITASZ,OPUS TITÁSZ Áramhálózati Zrt.,OPUS_TITASZ:SERVICE_AREA,WHOLE_SETTLEMENT,NONE,SRC-B10-OPUS-TITASZ-M1-2026;SRC-B10-KSH-HNK-2019-SETTLEMENT-IDS,OBS,WHOLE_SETTLEMENT_MEMBERSHIP_PROVEN,Current 2026 M1 whole-settlement fact joined to immutable official KSH five-digit settlement identifier.
25876,Told,OPUS_TITASZ,OPUS TITÁSZ Áramhálózati Zrt.,OPUS_TITASZ:SERVICE_AREA,WHOLE_SETTLEMENT,NONE,SRC-B10-OPUS-TITASZ-M1-2026;SRC-B10-KSH-HNK-2019-SETTLEMENT-IDS,OBS,WHOLE_SETTLEMENT_MEMBERSHIP_PROVEN,Current 2026 M1 whole-settlement fact joined to immutable official KSH five-digit settlement identifier.
09557,Tomajmonostora,OPUS_TITASZ,OPUS TITÁSZ Áramhálózati Zrt.,OPUS_TITASZ:SERVICE_AREA,WHOLE_SETTLEMENT,NONE,SRC-B10-OPUS-TITASZ-M1-2026;SRC-B10-KSH-HNK-2019-SETTLEMENT-IDS,OBS,WHOLE_SETTLEMENT_MEMBERSHIP_PROVEN,Current 2026 M1 whole-settlement fact joined to immutable official KSH five-digit settlement identifier.
16957,Tornyospálca,OPUS_TITASZ,OPUS TITÁSZ Áramhálózati Zrt.,OPUS_TITASZ:SERVICE_AREA,WHOLE_SETTLEMENT,NONE,SRC-B10-OPUS-TITASZ-M1-2026;SRC-B10-KSH-HNK-2019-SETTLEMENT-IDS,OBS,WHOLE_SETTLEMENT_MEMBERSHIP_PROVEN,Current 2026 M1 whole-settlement fact joined to immutable official KSH five-digit settlement identifier.
07490,Tószeg,OPUS_TITASZ,OPUS TITÁSZ Áramhálózati Zrt.,OPUS_TITASZ:SERVICE_AREA,WHOLE_SETTLEMENT,NONE,SRC-B10-OPUS-TITASZ-M1-2026;SRC-B10-KSH-HNK-2019-SETTLEMENT-IDS,OBS,WHOLE_SETTLEMENT_MEMBERSHIP_PROVEN,Current 2026 M1 whole-settlement fact joined to immutable official KSH five-digit settlement identifier.
27313,Törökszentmiklós,OPUS_TITASZ,OPUS TITÁSZ Áramhálózati Zrt.,OPUS_TITASZ:SERVICE_AREA,WHOLE_SETTLEMENT,NONE,SRC-B10-OPUS-TITASZ-M1-2026;SRC-B10-KSH-HNK-2019-SETTLEMENT-IDS,OBS,WHOLE_SETTLEMENT_MEMBERSHIP_PROVEN,Current 2026 M1 whole-settlement fact joined to immutable official KSH five-digit settlement identifier.
13213,Tunyogmatolcs,OPUS_TITASZ,OPUS TITÁSZ Áramhálózati Zrt.,OPUS_TITASZ:SERVICE_AREA,WHOLE_SETTLEMENT,NONE,SRC-B10-OPUS-TITASZ-M1-2026;SRC-B10-KSH-HNK-2019-SETTLEMENT-IDS,OBS,WHOLE_SETTLEMENT_MEMBERSHIP_PROVEN,Current 2026 M1 whole-settlement fact joined to immutable official KSH five-digit settlement identifier.
13602,Túristvándi,OPUS_TITASZ,OPUS TITÁSZ Áramhálózati Zrt.,OPUS_TITASZ:SERVICE_AREA,WHOLE_SETTLEMENT,NONE,SRC-B10-OPUS-TITASZ-M1-2026;SRC-B10-KSH-HNK-2019-SETTLEMENT-IDS,OBS,WHOLE_SETTLEMENT_MEMBERSHIP_PROVEN,Current 2026 M1 whole-settlement fact joined to immutable official KSH five-digit settlement identifier.
28228,Túrkeve,OPUS_TITASZ,OPUS TITÁSZ Áramhálózati Zrt.,OPUS_TITASZ:SERVICE_AREA,WHOLE_SETTLEMENT,NONE,SRC-B10-OPUS-TITASZ-M1-2026;SRC-B10-KSH-HNK-2019-SETTLEMENT-IDS,OBS,WHOLE_SETTLEMENT_MEMBERSHIP_PROVEN,Current 2026 M1 whole-settlement fact joined to immutable official KSH five-digit settlement identifier.
08998,Túrricse,OPUS_TITASZ,OPUS TITÁSZ Áramhálózati Zrt.,OPUS_TITASZ:SERVICE_AREA,WHOLE_SETTLEMENT,NONE,SRC-B10-OPUS-TITASZ-M1-2026;SRC-B10-KSH-HNK-2019-SETTLEMENT-IDS,OBS,WHOLE_SETTLEMENT_MEMBERSHIP_PROVEN,Current 2026 M1 whole-settlement fact joined to immutable official KSH five-digit settlement identifier.
09919,Tuzsér,OPUS_TITASZ,OPUS TITÁSZ Áramhálózati Zrt.,OPUS_TITASZ:SERVICE_AREA,WHOLE_SETTLEMENT,NONE,SRC-B10-OPUS-TITASZ-M1-2026;SRC-B10-KSH-HNK-2019-SETTLEMENT-IDS,OBS,WHOLE_SETTLEMENT_MEMBERSHIP_PROVEN,Current 2026 M1 whole-settlement fact joined to immutable official KSH five-digit settlement identifier.
31398,Tyukod,OPUS_TITASZ,OPUS TITÁSZ Áramhálózati Zrt.,OPUS_TITASZ:SERVICE_AREA,WHOLE_SETTLEMENT,NONE,SRC-B10-OPUS-TITASZ-M1-2026;SRC-B10-KSH-HNK-2019-SETTLEMENT-IDS,OBS,WHOLE_SETTLEMENT_MEMBERSHIP_PROVEN,Current 2026 M1 whole-settlement fact joined to immutable official KSH five-digit settlement identifier.
26611,Újfehértó,OPUS_TITASZ,OPUS TITÁSZ Áramhálózati Zrt.,OPUS_TITASZ:SERVICE_AREA,WHOLE_SETTLEMENT,NONE,SRC-B10-OPUS-TITASZ-M1-2026;SRC-B10-KSH-HNK-2019-SETTLEMENT-IDS,OBS,WHOLE_SETTLEMENT_MEMBERSHIP_PROVEN,Current 2026 M1 whole-settlement fact joined to immutable official KSH five-digit settlement identifier.
33659,Újdombrád,OPUS_TITASZ,OPUS TITÁSZ Áramhálózati Zrt.,OPUS_TITASZ:SERVICE_AREA,WHOLE_SETTLEMENT,NONE,SRC-B10-OPUS-TITASZ-M1-2026;SRC-B10-KSH-HNK-2019-SETTLEMENT-IDS,OBS,WHOLE_SETTLEMENT_MEMBERSHIP_PROVEN,Current 2026 M1 whole-settlement fact joined to immutable official KSH five-digit settlement identifier.
23393,Újiráz,OPUS_TITASZ,OPUS TITÁSZ Áramhálózati Zrt.,OPUS_TITASZ:SERVICE_AREA,WHOLE_SETTLEMENT,NONE,SRC-B10-OPUS-TITASZ-M1-2026;SRC-B10-KSH-HNK-2019-SETTLEMENT-IDS,OBS,WHOLE_SETTLEMENT_MEMBERSHIP_PROVEN,Current 2026 M1 whole-settlement fact joined to immutable official KSH five-digit settlement identifier.
10117,Újkenéz,OPUS_TITASZ,OPUS TITÁSZ Áramhálózati Zrt.,OPUS_TITASZ:SERVICE_AREA,WHOLE_SETTLEMENT,NONE,SRC-B10-OPUS-TITASZ-M1-2026;SRC-B10-KSH-HNK-2019-SETTLEMENT-IDS,OBS,WHOLE_SETTLEMENT_MEMBERSHIP_PROVEN,Current 2026 M1 whole-settlement fact joined to immutable official KSH five-digit settlement identifier.
20419,Újléta,OPUS_TITASZ,OPUS TITÁSZ Áramhálózati Zrt.,OPUS_TITASZ:SERVICE_AREA,WHOLE_SETTLEMENT,NONE,SRC-B10-OPUS-TITASZ-M1-2026;SRC-B10-KSH-HNK-2019-SETTLEMENT-IDS,OBS,WHOLE_SETTLEMENT_MEMBERSHIP_PROVEN,Current 2026 M1 whole-settlement fact joined to immutable official KSH five-digit settlement identifier.
15291,Újszász,OPUS_TITASZ,OPUS TITÁSZ Áramhálózati Zrt.,OPUS_TITASZ:SERVICE_AREA,WHOLE_SETTLEMENT,NONE,SRC-B10-OPUS-TITASZ-M1-2026;SRC-B10-KSH-HNK-2019-SETTLEMENT-IDS,OBS,WHOLE_SETTLEMENT_MEMBERSHIP_PROVEN,Current 2026 M1 whole-settlement fact joined to immutable official KSH five-digit settlement identifier.
32568,Újszentmargita,OPUS_TITASZ,OPUS TITÁSZ Áramhálózati Zrt.,OPUS_TITASZ:SERVICE_AREA,WHOLE_SETTLEMENT,NONE,SRC-B10-OPUS-TITASZ-M1-2026;SRC-B10-KSH-HNK-2019-SETTLEMENT-IDS,OBS,WHOLE_SETTLEMENT_MEMBERSHIP_PROVEN,Current 2026 M1 whole-settlement fact joined to immutable official KSH five-digit settlement identifier.
11925,Újtikos,OPUS_TITASZ,OPUS TITÁSZ Áramhálózati Zrt.,OPUS_TITASZ:SERVICE_AREA,WHOLE_SETTLEMENT,NONE,SRC-B10-OPUS-TITASZ-M1-2026;SRC-B10-KSH-HNK-2019-SETTLEMENT-IDS,OBS,WHOLE_SETTLEMENT_MEMBERSHIP_PROVEN,Current 2026 M1 whole-settlement fact joined to immutable official KSH five-digit settlement identifier.
28981,Ura,OPUS_TITASZ,OPUS TITÁSZ Áramhálózati Zrt.,OPUS_TITASZ:SERVICE_AREA,WHOLE_SETTLEMENT,NONE,SRC-B10-OPUS-TITASZ-M1-2026;SRC-B10-KSH-HNK-2019-SETTLEMENT-IDS,OBS,WHOLE_SETTLEMENT_MEMBERSHIP_PROVEN,Current 2026 M1 whole-settlement fact joined to immutable official KSH five-digit settlement identifier.
31820,Uszka,OPUS_TITASZ,OPUS TITÁSZ Áramhálózati Zrt.,OPUS_TITASZ:SERVICE_AREA,WHOLE_SETTLEMENT,NONE,SRC-B10-OPUS-TITASZ-M1-2026;SRC-B10-KSH-HNK-2019-SETTLEMENT-IDS,OBS,WHOLE_SETTLEMENT_MEMBERSHIP_PROVEN,Current 2026 M1 whole-settlement fact joined to immutable official KSH five-digit settlement identifier.
18591,Vaja,OPUS_TITASZ,OPUS TITÁSZ Áramhálózati Zrt.,OPUS_TITASZ:SERVICE_AREA,WHOLE_SETTLEMENT,NONE,SRC-B10-OPUS-TITASZ-M1-2026;SRC-B10-KSH-HNK-2019-SETTLEMENT-IDS,OBS,WHOLE_SETTLEMENT_MEMBERSHIP_PROVEN,Current 2026 M1 whole-settlement fact joined to immutable official KSH five-digit settlement identifier.
27100,Vasmegyer,OPUS_TITASZ,OPUS TITÁSZ Áramhálózati Zrt.,OPUS_TITASZ:SERVICE_AREA,WHOLE_SETTLEMENT,NONE,SRC-B10-OPUS-TITASZ-M1-2026;SRC-B10-KSH-HNK-2019-SETTLEMENT-IDS,OBS,WHOLE_SETTLEMENT_MEMBERSHIP_PROVEN,Current 2026 M1 whole-settlement fact joined to immutable official KSH five-digit settlement identifier.
06938,Vállaj,OPUS_TITASZ,OPUS TITÁSZ Áramhálózati Zrt.,OPUS_TITASZ:SERVICE_AREA,WHOLE_SETTLEMENT,NONE,SRC-B10-OPUS-TITASZ-M1-2026;SRC-B10-KSH-HNK-2019-SETTLEMENT-IDS,OBS,WHOLE_SETTLEMENT_MEMBERSHIP_PROVEN,Current 2026 M1 whole-settlement fact joined to immutable official KSH five-digit settlement identifier.
27322,Vámosatya,OPUS_TITASZ,OPUS TITÁSZ Áramhálózati Zrt.,OPUS_TITASZ:SERVICE_AREA,WHOLE_SETTLEMENT,NONE,SRC-B10-OPUS-TITASZ-M1-2026;SRC-B10-KSH-HNK-2019-SETTLEMENT-IDS,OBS,WHOLE_SETTLEMENT_MEMBERSHIP_PROVEN,Current 2026 M1 whole-settlement fact joined to immutable official KSH five-digit settlement identifier.
08934,Vámosoroszi,OPUS_TITASZ,OPUS TITÁSZ Áramhálózati Zrt.,OPUS_TITASZ:SERVICE_AREA,WHOLE_SETTLEMENT,NONE,SRC-B10-OPUS-TITASZ-M1-2026;SRC-B10-KSH-HNK-2019-SETTLEMENT-IDS,OBS,WHOLE_SETTLEMENT_MEMBERSHIP_PROVEN,Current 2026 M1 whole-settlement fact joined to immutable official KSH five-digit settlement identifier.
08989,Vámospércs,OPUS_TITASZ,OPUS TITÁSZ Áramhálózati Zrt.,OPUS_TITASZ:SERVICE_AREA,WHOLE_SETTLEMENT,NONE,SRC-B10-OPUS-TITASZ-M1-2026;SRC-B10-KSH-HNK-2019-SETTLEMENT-IDS,OBS,WHOLE_SETTLEMENT_MEMBERSHIP_PROVEN,Current 2026 M1 whole-settlement fact joined to immutable official KSH five-digit settlement identifier.
16762,Váncsod,OPUS_TITASZ,OPUS TITÁSZ Áramhálózati Zrt.,OPUS_TITASZ:SERVICE_AREA,WHOLE_SETTLEMENT,NONE,SRC-B10-OPUS-TITASZ-M1-2026;SRC-B10-KSH-HNK-2019-SETTLEMENT-IDS,OBS,WHOLE_SETTLEMENT_MEMBERSHIP_PROVEN,Current 2026 M1 whole-settlement fact joined to immutable official KSH five-digit settlement identifier.
18324,Vásárosnamény,OPUS_TITASZ,OPUS TITÁSZ Áramhálózati Zrt.,OPUS_TITASZ:SERVICE_AREA,WHOLE_SETTLEMENT,NONE,SRC-B10-OPUS-TITASZ-M1-2026;SRC-B10-KSH-HNK-2019-SETTLEMENT-IDS,OBS,WHOLE_SETTLEMENT_MEMBERSHIP_PROVEN,Current 2026 M1 whole-settlement fact joined to immutable official KSH five-digit settlement identifier.
11138,Vekerd,OPUS_TITASZ,OPUS TITÁSZ Áramhálózati Zrt.,OPUS_TITASZ:SERVICE_AREA,WHOLE_SETTLEMENT,NONE,SRC-B10-OPUS-TITASZ-M1-2026;SRC-B10-KSH-HNK-2019-SETTLEMENT-IDS,OBS,WHOLE_SETTLEMENT_MEMBERSHIP_PROVEN,Current 2026 M1 whole-settlement fact joined to immutable official KSH five-digit settlement identifier.
21157,Vezseny,OPUS_TITASZ,OPUS TITÁSZ Áramhálózati Zrt.,OPUS_TITASZ:SERVICE_AREA,WHOLE_SETTLEMENT,NONE,SRC-B10-OPUS-TITASZ-M1-2026;SRC-B10-KSH-HNK-2019-SETTLEMENT-IDS,OBS,WHOLE_SETTLEMENT_MEMBERSHIP_PROVEN,Current 2026 M1 whole-settlement fact joined to immutable official KSH five-digit settlement identifier.
14836,Zagyvarékas,OPUS_TITASZ,OPUS TITÁSZ Áramhálózati Zrt.,OPUS_TITASZ:SERVICE_AREA,WHOLE_SETTLEMENT,NONE,SRC-B10-OPUS-TITASZ-M1-2026;SRC-B10-KSH-HNK-2019-SETTLEMENT-IDS,OBS,WHOLE_SETTLEMENT_MEMBERSHIP_PROVEN,Current 2026 M1 whole-settlement fact joined to immutable official KSH five-digit settlement identifier.
06275,Zajta,OPUS_TITASZ,OPUS TITÁSZ Áramhálózati Zrt.,OPUS_TITASZ:SERVICE_AREA,WHOLE_SETTLEMENT,NONE,SRC-B10-OPUS-TITASZ-M1-2026;SRC-B10-KSH-HNK-2019-SETTLEMENT-IDS,OBS,WHOLE_SETTLEMENT_MEMBERSHIP_PROVEN,Current 2026 M1 whole-settlement fact joined to immutable official KSH five-digit settlement identifier.
16203,Záhony,OPUS_TITASZ,OPUS TITÁSZ Áramhálózati Zrt.,OPUS_TITASZ:SERVICE_AREA,WHOLE_SETTLEMENT,NONE,SRC-B10-OPUS-TITASZ-M1-2026;SRC-B10-KSH-HNK-2019-SETTLEMENT-IDS,OBS,WHOLE_SETTLEMENT_MEMBERSHIP_PROVEN,Current 2026 M1 whole-settlement fact joined to immutable official KSH five-digit settlement identifier.
06257,Zsadány,OPUS_TITASZ,OPUS TITÁSZ Áramhálózati Zrt.,OPUS_TITASZ:SERVICE_AREA,WHOLE_SETTLEMENT,NONE,SRC-B10-OPUS-TITASZ-M1-2026;SRC-B10-KSH-HNK-2019-SETTLEMENT-IDS,OBS,WHOLE_SETTLEMENT_MEMBERSHIP_PROVEN,Current 2026 M1 whole-settlement fact joined to immutable official KSH five-digit settlement identifier.
28750,Zsarolyán,OPUS_TITASZ,OPUS TITÁSZ Áramhálózati Zrt.,OPUS_TITASZ:SERVICE_AREA,WHOLE_SETTLEMENT,NONE,SRC-B10-OPUS-TITASZ-M1-2026;SRC-B10-KSH-HNK-2019-SETTLEMENT-IDS,OBS,WHOLE_SETTLEMENT_MEMBERSHIP_PROVEN,Current 2026 M1 whole-settlement fact joined to immutable official KSH five-digit settlement identifier.
04817,Zsáka,OPUS_TITASZ,OPUS TITÁSZ Áramhálózati Zrt.,OPUS_TITASZ:SERVICE_AREA,WHOLE_SETTLEMENT,NONE,SRC-B10-OPUS-TITASZ-M1-2026;SRC-B10-KSH-HNK-2019-SETTLEMENT-IDS,OBS,WHOLE_SETTLEMENT_MEMBERSHIP_PROVEN,Current 2026 M1 whole-settlement fact joined to immutable official KSH five-digit settlement identifier.
13037,Zsurk,OPUS_TITASZ,OPUS TITÁSZ Áramhálózati Zrt.,OPUS_TITASZ:SERVICE_AREA,WHOLE_SETTLEMENT,NONE,SRC-B10-OPUS-TITASZ-M1-2026;SRC-B10-KSH-HNK-2019-SETTLEMENT-IDS,OBS,WHOLE_SETTLEMENT_MEMBERSHIP_PROVEN,Current 2026 M1 whole-settlement fact joined to immutable official KSH five-digit settlement identifier.
