ksh_settlement_code,settlement_name,exception_class,source_token,source_ids,notes
29221,Jánossomorja,KSH2019_DIRECT,Jánossomorja,SRC-B10-EON-EDASZ-M1-CANDIDATE-2025;SRC-B10-KSH-HNK-2019-SETTLEMENT-IDS,"Exact M1 locality name matches exact official KSH 2019 locality identity; used because the derived locator does not directly materialize this whole-settlement row."
12715,Pázmándfalu,PDF_EXTRACTION_ARTIFACT_CORRECTION,P ázmándfalu,SRC-B10-EON-EDASZ-M1-CANDIDATE-2025;SRC-B10-KSH-HNT-2025-SETTLEMENT-IDS;SRC-B10-KSH-HNT-2025-IRSZHNK-DERIVATION-2026,"PDF text extraction inserted an internal space; the official M1 renders Pázmándfalu. Parser-only repair; no generalized whitespace or spelling normalization."
34272,Zsira,PDF_EXTRACTION_ARTIFACT_CORRECTION,Zsira 9,SRC-B10-EON-EDASZ-M1-CANDIDATE-2025;SRC-B10-KSH-HNT-2025-SETTLEMENT-IDS;SRC-B10-KSH-HNT-2025-IRSZHNK-DERIVATION-2026,"PDF extraction attached the page/M2 boundary number to the final M1 token; the official M1 ends with Zsira. Parser-only repair; no generalized suffix stripping."
04321,Bodorfa,CROSS_DSO_WHOLE_CONFLICT_EXCLUDED,Bodorfa,SRC-B10-EON-EDASZ-M1-CANDIDATE-2025;SRC-B10-EON-DDASZ-M1-CANDIDATE-2025;SRC-B10-KSH-HNT-2025-SETTLEMENT-IDS,"Excluded from P49: Bodorfa is already proven on the DDÁSZ whole-settlement materialization surface, while ÉDÁSZ M1 only establishes an administrative-unit token."
07922,Szentgál,CROSS_DSO_WHOLE_CONFLICT_EXCLUDED,Szentgál,SRC-B10-EON-EDASZ-M1-CANDIDATE-2025;SRC-B10-EON-DDASZ-M1-CANDIDATE-2025;SRC-B10-KSH-HNT-2025-SETTLEMENT-IDS,"Excluded from P49: Szentgál is already proven on the DDÁSZ whole-settlement materialization surface, while ÉDÁSZ M1 only establishes an administrative-unit token."
17543,Bocfölde,CROSS_DSO_WHOLE_CONFLICT_EXCLUDED,Bocfölde,SRC-B10-EON-EDASZ-M1-CANDIDATE-2025;SRC-B10-EON-DDASZ-M1-CANDIDATE-2025;SRC-B10-KSH-HNT-2025-SETTLEMENT-IDS,"Excluded from P49: Bocfölde is already proven on the DDÁSZ whole-settlement materialization surface, while ÉDÁSZ M1 only establishes an administrative-unit token."
18731,Pilisszentkereszt,CROSS_DSO_WHOLE_CONFLICT_EXCLUDED,Pilisszentkereszt,SRC-B10-EON-EDASZ-M1-CANDIDATE-2025;SRC-B10-ELMU-M1-CANDIDATE-2025;SRC-B10-KSH-HNT-2025-SETTLEMENT-IDS,"Excluded from P49: Pilisszentkereszt is already proven on the ELMŰ whole-settlement materialization surface, while ÉDÁSZ M1 only establishes an administrative-unit token."
20589,Nagykapornak,CROSS_DSO_WHOLE_CONFLICT_EXCLUDED,Nagykapornak,SRC-B10-EON-EDASZ-M1-CANDIDATE-2025;SRC-B10-EON-DDASZ-M1-CANDIDATE-2025;SRC-B10-KSH-HNT-2025-SETTLEMENT-IDS,"Excluded from P49: Nagykapornak is already proven on the DDÁSZ whole-settlement materialization surface, while ÉDÁSZ M1 only establishes an administrative-unit token."
23490,Mány,CROSS_DSO_WHOLE_CONFLICT_EXCLUDED,Mány,SRC-B10-EON-EDASZ-M1-CANDIDATE-2025;SRC-B10-ELMU-M1-CANDIDATE-2025;SRC-B10-KSH-HNT-2025-SETTLEMENT-IDS,"Excluded from P49: Mány is already proven on the ELMŰ whole-settlement materialization surface, while ÉDÁSZ M1 only establishes an administrative-unit token."
