join_id,grain,dimensions,source_dataset_ids,evidence_status,materialization_status,record_count,population_count,unit,permitted_link,prohibited_inference
JOIN-B02-WBL011-CORE,county_x_settlement_type_x_construction_period_x_wall_material_x_floor_area_x_comfort_x_heating_mode_x_heating_fuel,geography;construction_period;wall_material;floor_area;comfort;heating_mode;heating_fuel,DATA-B02-KSH-WBL011,OBS,PARTIALLY_MATERIALIZED,,,dwelling,P14 proves the full source-native WBL011 joint is queryable and exact at 116452 returned records and 4008541 occupied dwellings; the repository still materializes only the separate envelope and heating-fuel projections.,"Do not treat source availability as repository materialization; do not attach building type, primary energy, heat emitter, or temperature as OBS/DER without new joint evidence."
JOIN-B02-WBL011-ENVELOPE,county_x_settlement_type_x_construction_period_x_wall_material_x_floor_area_x_comfort,geography;construction_period;wall_material;floor_area;comfort,DATA-B02-KSH-WBL011,OBS,MATERIALIZED,32655,4008541,dwelling,These dimensions are returned together while heating mode and fuel are held at TOTAL.,Do not join cell-by-cell to the separate heating-fuel projection.
JOIN-B02-WBL011-HEATING-FUEL,county_x_settlement_type_x_construction_period_x_heating_mode_x_heating_fuel,geography;construction_period;heating_mode;heating_fuel,DATA-B02-KSH-WBL011,OBS,MATERIALIZED,7682,4008541,dwelling,"These dimensions are returned together while wall, area, and comfort are held at TOTAL.",Do not join cell-by-cell to the separate envelope projection.
JOIN-B02-WBL017-BASELINE,county_x_settlement_type_x_construction_period_x_wall_material_x_floor_area_x_comfort_x_combined_heating_fuel_x_heat_pump_presence,geography;construction_period;wall_material;floor_area;comfort;combined_heating_fuel;heat_pump_presence,DATA-B02-KSH-WBL017,OBS,PARTIALLY_MATERIALIZED,,,dwelling,A heating-fuel and existing-heat-pump projection is materialized; the wider envelope joint remains unmaterialized.,"Existing heat-pump presence is a baseline flag, not heat-pump eligibility."
JOIN-B02-WBL017-HEAT-PUMP,county_x_settlement_type_x_construction_period_x_combined_heating_fuel_x_heat_pump_presence,geography;construction_period;combined_heating_fuel;heat_pump_presence,DATA-B02-KSH-WBL017,OBS,MATERIALIZED,7623,3919564,dwelling,These dimensions are returned together while envelope and other equipment dimensions are held at TOTAL.,Existing heat-pump presence is not technical eligibility; unreturned combinations are not proven zeros.
JOIN-B02-KSH-ENERGY,building_type_x_construction_period_x_primary_energy_bin,building_type;construction_period;primary_energy,DATA-B02-KSH-ENERGY-HTML-2025,MODELLED,MATERIALIZED,944,4575790,dwelling,Building type and construction period may carry the published KSH-modelled primary-energy distribution.,"Do not inherit OBS status or distribute the modelled cells across WBL geography, wall, area, comfort, heating, or fuel margins."
JOIN-B02-BUILDING-TYPE-PROXY,settlement_type_x_building_type,settlement_type;building_type,DATA-B02-KSH-HOUSING-SURVEY-2015;DATA-B02-KSH-WBL011,ASS,MATERIALIZED,8,4008541,dwelling,The 2015 occupied-dwelling building-type share may be applied only at the four contracted 2022 settlement-type totals.,"Do not propagate the proxy into county, construction-period, wall, area, comfort, heating-mode, or fuel subcells."
JOIN-B02-OENY-EMITTER,document_x_heat_emitter_x_design_temperature,heat_emitter;design_supply_temperature;design_return_temperature,,Q,NOT_ACQUIRED,,,document,No join is permitted until an approved anonymised sample passes the P1-F protocol.,"Do not infer emitter type or design temperature from heating mode, fuel, proposal fields, or the 55/45 C reference system."
JOIN-B02-FULL-ARCHETYPE,geography_x_building_type_x_construction_period_x_wall_x_area_x_comfort_x_heating_x_fuel_x_primary_energy_x_heat_emitter_x_temperature,geography;building_type;construction_period;wall_material;floor_area;comfort;heating_mode;heating_fuel;primary_energy;heat_emitter;design_temperature,,Q,NOT_IDENTIFIED,,,dwelling,A full joint table requires new joint evidence or an explicitly approved statistical model with uncertainty and calibration.,Cross-multiplying the available margins under an undocumented independence assumption is prohibited.
