coverage_id,source_ids,metric,value,unit,evidence_status,calculation,source_url,retrieved_at,source_html_sha256
COV-B02-CENSUS-UNIVERSE,SRC-B02-KSH-ENERGY-METHOD-2025,census_dwelling_universe,4580538,dwelling,OBS,KSH methodology table 1 total,https://www.ksh.hu/s/kiserleti-statisztika/kiadvanyok/a-magyar-lakasallomany-primerenergia-igenyenek-becslese/modszertan,2026-08-12,c91c1b5ee8e36e5e63327d5931da2560545b46c6fbe3881f8be9b0da32855bfc
COV-B02-LINKED-CERTIFICATES,SRC-B02-KSH-ENERGY-METHOD-2025,linked_energy_certificates,279020,dwelling,OBS,KSH methodology table 1 total,https://www.ksh.hu/s/kiserleti-statisztika/kiadvanyok/a-magyar-lakasallomany-primerenergia-igenyenek-becslese/modszertan,2026-08-12,c91c1b5ee8e36e5e63327d5931da2560545b46c6fbe3881f8be9b0da32855bfc
COV-B02-LINK-RATE-PUBLISHED,SRC-B02-KSH-ENERGY-METHOD-2025,linked_certificate_rate_published,0.061,ratio,OBS,KSH methodology table 1 rounded percentage,https://www.ksh.hu/s/kiserleti-statisztika/kiadvanyok/a-magyar-lakasallomany-primerenergia-igenyenek-becslese/modszertan,2026-08-12,c91c1b5ee8e36e5e63327d5931da2560545b46c6fbe3881f8be9b0da32855bfc
COV-B02-LINK-RATE-CALCULATED,SRC-B02-KSH-ENERGY-METHOD-2025,linked_certificate_rate_calculated,0.06091424195149129,ratio,DER,linked_energy_certificates / census_dwelling_universe,https://www.ksh.hu/s/kiserleti-statisztika/kiadvanyok/a-magyar-lakasallomany-primerenergia-igenyenek-becslese/modszertan,2026-08-12,c91c1b5ee8e36e5e63327d5931da2560545b46c6fbe3881f8be9b0da32855bfc
COV-B02-FAMILY-PUBLISHED-BINS,SRC-B02-KSH-ENERGY-2025,family_house_records_in_published_bins,2881310,dwelling,MODELLED,sum of Figure 4 published bins,https://www.ksh.hu/s/kiserleti-statisztika/kiadvanyok/a-magyar-lakasallomany-primerenergia-igenyenek-becslese/,2026-08-12,1a312ae2943238c139623ac6595ff9bb0ebe656fd12d2b7ab80739488b527c31
COV-B02-MULTI-PUBLISHED-BINS,SRC-B02-KSH-ENERGY-2025,multi_dwelling_records_in_published_bins,1694480,dwelling,MODELLED,sum of Figure 3 published bins,https://www.ksh.hu/s/kiserleti-statisztika/kiadvanyok/a-magyar-lakasallomany-primerenergia-igenyenek-becslese/,2026-08-12,1a312ae2943238c139623ac6595ff9bb0ebe656fd12d2b7ab80739488b527c31
COV-B02-ALL-PUBLISHED-BINS,SRC-B02-KSH-ENERGY-2025,all_records_in_published_bins,4575790,dwelling,DER,family_house_records_in_published_bins + multi_dwelling_records_in_published_bins,https://www.ksh.hu/s/kiserleti-statisztika/kiadvanyok/a-magyar-lakasallomany-primerenergia-igenyenek-becslese/,2026-08-12,1a312ae2943238c139623ac6595ff9bb0ebe656fd12d2b7ab80739488b527c31
COV-B02-PUBLISHED-BIN-RESIDUAL,SRC-B02-KSH-ENERGY-2025;SRC-B02-KSH-ENERGY-METHOD-2025,published_bin_residual,4748,dwelling,DER,census_dwelling_universe - all_records_in_published_bins,https://www.ksh.hu/s/kiserleti-statisztika/kiadvanyok/a-magyar-lakasallomany-primerenergia-igenyenek-becslese/,2026-08-12,1a312ae2943238c139623ac6595ff9bb0ebe656fd12d2b7ab80739488b527c31
COV-B02-PUBLISHED-BIN-COVERAGE,SRC-B02-KSH-ENERGY-2025;SRC-B02-KSH-ENERGY-METHOD-2025,published_bin_coverage,0.9989634405390808,ratio,DER,all_records_in_published_bins / census_dwelling_universe,https://www.ksh.hu/s/kiserleti-statisztika/kiadvanyok/a-magyar-lakasallomany-primerenergia-igenyenek-becslese/,2026-08-12,1a312ae2943238c139623ac6595ff9bb0ebe656fd12d2b7ab80739488b527c31
